{
	"credit": "Made with Blockbench",
	"texture_size": [32, 32],
	"textures": {
		"0": "create_new_age:block/heat_pipe",
		"particle": "create_new_age:block/heat_pipe"
	},
	"elements": [
		{
			"from": [4, 4, 0],
			"to": [12, 12, 3],
			"rotation": {"angle": 0, "axis": "y", "origin": [8, 0, 8]},
			"faces": {
				"north": {"uv": [0, 5, 4, 9], "texture": "#0"},
				"east": {"uv": [6.5, 0, 5, 4], "texture": "#0"},
				"south": {"uv": [0, 5, 4, 9], "texture": "#0"},
				"west": {"uv": [5, 4, 6.5, 0], "texture": "#0"},
				"up": {"uv": [5, 0, 6.5, 4], "rotation": 90, "texture": "#0"},
				"down": {"uv": [5, 0, 6.5, 4], "rotation": 270, "texture": "#0"}
			}
		},
		{
			"from": [12.5, 3.5, 0],
			"to": [12.5, 12.5, 1],
			"rotation": {"angle": 0, "axis": "y", "origin": [8, 0, 8]},
			"faces": {
				"north": {"uv": [12, 12, 16, 16], "texture": "#0"},
				"east": {"uv": [6.5, 0, 7, 4.5], "texture": "#0"},
				"south": {"uv": [12, 12, 16, 16], "texture": "#0"},
				"west": {"uv": [6.5, 0, 7, 4.5], "texture": "#0"},
				"up": {"uv": [6.5, 0, 7, 4.5], "rotation": 90, "texture": "#0"},
				"down": {"uv": [6.5, 0, 7, 4.5], "rotation": 270, "texture": "#0"}
			}
		},
		{
			"from": [3.5, 3.5, 0],
			"to": [12.5, 3.5, 1],
			"rotation": {"angle": 0, "axis": "y", "origin": [8, 0, 8]},
			"faces": {
				"north": {"uv": [12, 12, 16, 16], "rotation": 270, "texture": "#0"},
				"east": {"uv": [6.5, 0, 7, 4.5], "rotation": 180, "texture": "#0"},
				"south": {"uv": [12, 12, 16, 16], "rotation": 90, "texture": "#0"},
				"west": {"uv": [6.5, 0, 7, 4.5], "texture": "#0"},
				"up": {"uv": [6.5, 0, 7, 4.5], "rotation": 90, "texture": "#0"},
				"down": {"uv": [6.5, 0, 7, 4.5], "rotation": 90, "texture": "#0"}
			}
		},
		{
			"from": [3.5, 12.5, 0],
			"to": [12.5, 12.5, 1],
			"rotation": {"angle": 0, "axis": "y", "origin": [8, 0, 8]},
			"faces": {
				"north": {"uv": [12, 12, 16, 16], "rotation": 90, "texture": "#0"},
				"east": {"uv": [6.5, 0, 7, 4.5], "rotation": 180, "texture": "#0"},
				"south": {"uv": [12, 12, 16, 16], "rotation": 270, "texture": "#0"},
				"west": {"uv": [6.5, 0, 7, 4.5], "texture": "#0"},
				"up": {"uv": [6.5, 0, 7, 4.5], "rotation": 270, "texture": "#0"},
				"down": {"uv": [6.5, 0, 7, 4.5], "rotation": 270, "texture": "#0"}
			}
		},
		{
			"from": [3.5, 3.5, 0],
			"to": [3.5, 12.5, 1],
			"rotation": {"angle": 0, "axis": "y", "origin": [8, 0, 8]},
			"faces": {
				"north": {"uv": [12, 12, 16, 16], "rotation": 180, "texture": "#0"},
				"east": {"uv": [6.5, 0, 7, 4.5], "rotation": 180, "texture": "#0"},
				"south": {"uv": [12, 12, 16, 16], "rotation": 180, "texture": "#0"},
				"west": {"uv": [6.5, 0, 7, 4.5], "rotation": 180, "texture": "#0"},
				"up": {"uv": [6.5, 0, 7, 4.5], "rotation": 90, "texture": "#0"},
				"down": {"uv": [6.5, 0, 7, 4.5], "rotation": 270, "texture": "#0"}
			}
		}
	]
}