{
	"credit": "Made with Blockbench",
	"texture_size": [64, 64],
	"textures": {
		"0": "create_new_age:block/energiser",
		"1": "create_new_age:block/axis",
		"2": "create_new_age:block/axis_top",
		"particle": "create_new_age:block/energiser"
	},
	"elements": [
		{
			"name": "Top",
			"from": [0, 13, 0],
			"to": [16, 15, 16],
			"rotation": {"angle": 0, "axis": "y", "origin": [8, 9, 8]},
			"faces": {
				"north": {"uv": [11.5, 0, 15.5, 0.5], "texture": "#0"},
				"east": {"uv": [11.5, 0, 15.5, 0.5], "texture": "#0"},
				"south": {"uv": [11.5, 0, 15.5, 0.5], "texture": "#0"},
				"west": {"uv": [11.5, 0, 15.5, 0.5], "texture": "#0"},
				"up": {"uv": [4, 4, 0, 0], "texture": "#0"},
				"down": {"uv": [8, 0, 4, 4], "texture": "#0"}
			}
		},
		{
			"name": "Top",
			"from": [0, 1, 0],
			"to": [16, 3, 16],
			"rotation": {"angle": 0, "axis": "y", "origin": [8, 9, 8]},
			"faces": {
				"north": {"uv": [11.5, 0.5, 15.5, 0], "texture": "#0"},
				"east": {"uv": [11.5, 0.5, 15.5, 0], "texture": "#0"},
				"south": {"uv": [11.5, 0.5, 15.5, 0], "texture": "#0"},
				"west": {"uv": [11.5, 0.5, 15.5, 0], "texture": "#0"},
				"up": {"uv": [4, 4, 0, 0], "texture": "#0"},
				"down": {"uv": [8, 0, 4, 4], "texture": "#0"}
			}
		},
		{
			"name": "Core",
			"from": [1, 3, 1],
			"to": [15, 13, 15],
			"rotation": {"angle": 0, "axis": "y", "origin": [8, 9, 8]},
			"faces": {
				"north": {"uv": [8, 0, 11.5, 2.5], "texture": "#0"},
				"east": {"uv": [8, 2.5, 11.5, 5], "texture": "#0"},
				"south": {"uv": [8, 0, 11.5, 2.5], "texture": "#0"},
				"west": {"uv": [8, 2.5, 11.5, 5], "texture": "#0"},
				"up": {"uv": [0, 0, 0, 0], "texture": "#0"},
				"down": {"uv": [16, 16, 16, 16], "texture": "#0"}
			}
		},
		{
			"name": "Core",
			"from": [0.5, 11, 7],
			"to": [0.5, 13, 9],
			"rotation": {"angle": 0, "axis": "y", "origin": [8, 9, 8]},
			"faces": {
				"north": {"uv": [0, 0, 0, 2.5], "texture": "#0"},
				"east": {"uv": [11.5, 0.5, 13, 3], "texture": "#0"},
				"south": {"uv": [0, 0, 0, 2.5], "texture": "#0"},
				"west": {"uv": [12.25, 0.5, 12.75, 1], "texture": "#0"},
				"up": {"uv": [0, 0, 0, 0], "texture": "#0"},
				"down": {"uv": [0, 0, 0, 1.5], "texture": "#0"}
			}
		},
		{
			"name": "Core",
			"from": [0.5, 3, 7],
			"to": [0.5, 4, 9],
			"rotation": {"angle": 0, "axis": "y", "origin": [8, 9, 8]},
			"faces": {
				"north": {"uv": [0, 0, 0, 2.5], "texture": "#0"},
				"east": {"uv": [11.5, 0.5, 13, 3], "texture": "#0"},
				"south": {"uv": [0, 0, 0, 2.5], "texture": "#0"},
				"west": {"uv": [12.25, 2.75, 12.75, 3], "texture": "#0"},
				"up": {"uv": [0, 0, 0, 0], "texture": "#0"},
				"down": {"uv": [0, 0, 0, 1.5], "texture": "#0"}
			}
		},
		{
			"name": "Core",
			"from": [0.5, 8, 7],
			"to": [0.5, 11, 8],
			"rotation": {"angle": 0, "axis": "y", "origin": [8, 9, 8]},
			"faces": {
				"north": {"uv": [0, 0, 0, 2.5], "texture": "#0"},
				"east": {"uv": [11.5, 0.5, 13, 3], "texture": "#0"},
				"south": {"uv": [0, 0, 0, 2.5], "texture": "#0"},
				"west": {"uv": [12.25, 1, 12.5, 1.75], "texture": "#0"},
				"up": {"uv": [0, 0, 0, 0], "texture": "#0"},
				"down": {"uv": [0, 0, 0, 1.5], "texture": "#0"}
			}
		},
		{
			"name": "Core",
			"from": [0.5, 4, 8],
			"to": [0.5, 9, 9],
			"rotation": {"angle": 0, "axis": "y", "origin": [8, 9, 8]},
			"faces": {
				"north": {"uv": [0, 0, 0, 2.5], "texture": "#0"},
				"east": {"uv": [11.5, 0.5, 13, 3], "texture": "#0"},
				"south": {"uv": [0, 0, 0, 2.5], "texture": "#0"},
				"west": {"uv": [12.5, 1.5, 12.75, 2.75], "texture": "#0"},
				"up": {"uv": [0, 0, 0, 0], "texture": "#0"},
				"down": {"uv": [0, 0, 0, 1.5], "texture": "#0"}
			}
		},
		{
			"name": "Core",
			"from": [0.5, 8, 5],
			"to": [0.5, 13, 6],
			"rotation": {"angle": 0, "axis": "y", "origin": [8, 9, 8]},
			"faces": {
				"north": {"uv": [0, 0, 0, 2.5], "texture": "#0"},
				"east": {"uv": [11.5, 0.5, 13, 3], "texture": "#0"},
				"south": {"uv": [0, 0, 0, 2.5], "texture": "#0"},
				"west": {"uv": [11.75, 0.5, 12, 1.75], "texture": "#0"},
				"up": {"uv": [0, 0, 0, 0], "texture": "#0"},
				"down": {"uv": [0, 0, 0, 1.5], "texture": "#0"}
			}
		},
		{
			"name": "Core",
			"from": [0.5, 4, 7],
			"to": [0.5, 5, 8],
			"rotation": {"angle": 0, "axis": "y", "origin": [8, 9, 8]},
			"faces": {
				"north": {"uv": [0, 0, 0, 2.5], "texture": "#0"},
				"east": {"uv": [11.5, 0.5, 13, 3], "texture": "#0"},
				"south": {"uv": [0, 0, 0, 2.5], "texture": "#0"},
				"west": {"uv": [11.75, 0.5, 12, 1.75], "texture": "#0"},
				"up": {"uv": [0, 0, 0, 0], "texture": "#0"},
				"down": {"uv": [0, 0, 0, 1.5], "texture": "#0"}
			}
		},
		{
			"name": "Core",
			"from": [0.5, 5, 5],
			"to": [0.5, 6, 8],
			"rotation": {"angle": 0, "axis": "y", "origin": [8, 9, 8]},
			"faces": {
				"north": {"uv": [0, 0, 0, 2.5], "texture": "#0"},
				"east": {"uv": [11.5, 0.5, 13, 3], "texture": "#0"},
				"south": {"uv": [0, 0, 0, 2.5], "texture": "#0"},
				"west": {"uv": [11.75, 2.25, 12.5, 2.5], "texture": "#0"},
				"up": {"uv": [0, 0, 0, 0], "texture": "#0"},
				"down": {"uv": [0, 0, 0, 1.5], "texture": "#0"}
			}
		},
		{
			"name": "Core",
			"from": [0.5, 5, 4],
			"to": [0.5, 9, 5],
			"rotation": {"angle": 0, "axis": "y", "origin": [8, 9, 8]},
			"faces": {
				"north": {"uv": [0, 0, 0, 2.5], "texture": "#0"},
				"east": {"uv": [11.5, 0.5, 13, 3], "texture": "#0"},
				"south": {"uv": [0, 0, 0, 2.5], "texture": "#0"},
				"west": {"uv": [11.5, 1.5, 11.75, 2.5], "texture": "#0"},
				"up": {"uv": [0, 0, 0, 0], "texture": "#0"},
				"down": {"uv": [0, 0, 0, 1.5], "texture": "#0"}
			}
		},
		{
			"name": "Core",
			"from": [15.5, 5, 8],
			"to": [15.5, 6, 11],
			"rotation": {"angle": 0, "axis": "y", "origin": [8, 9, 8]},
			"faces": {
				"north": {"uv": [0, 0, 0, 2.5], "texture": "#0"},
				"east": {"uv": [11.75, 2.25, 12.5, 2.5], "texture": "#0"},
				"south": {"uv": [0, 0, 0, 2.5], "texture": "#0"},
				"west": {"uv": [11.5, 0.5, 13, 3], "texture": "#0"},
				"up": {"uv": [0, 0, 0, 0], "rotation": 180, "texture": "#0"},
				"down": {"uv": [0, 0, 0, 1.5], "rotation": 180, "texture": "#0"}
			}
		},
		{
			"name": "Core",
			"from": [15.5, 4, 8],
			"to": [15.5, 5, 9],
			"rotation": {"angle": 0, "axis": "y", "origin": [8, 9, 8]},
			"faces": {
				"north": {"uv": [0, 0, 0, 2.5], "texture": "#0"},
				"east": {"uv": [11.75, 0.5, 12, 1.75], "texture": "#0"},
				"south": {"uv": [0, 0, 0, 2.5], "texture": "#0"},
				"west": {"uv": [11.5, 0.5, 13, 3], "texture": "#0"},
				"up": {"uv": [0, 0, 0, 0], "rotation": 180, "texture": "#0"},
				"down": {"uv": [0, 0, 0, 1.5], "rotation": 180, "texture": "#0"}
			}
		},
		{
			"name": "Core",
			"from": [15.5, 3, 7],
			"to": [15.5, 4, 9],
			"rotation": {"angle": 0, "axis": "y", "origin": [8, 9, 8]},
			"faces": {
				"north": {"uv": [0, 0, 0, 2.5], "texture": "#0"},
				"east": {"uv": [12.25, 2.75, 12.75, 3], "texture": "#0"},
				"south": {"uv": [0, 0, 0, 2.5], "texture": "#0"},
				"west": {"uv": [11.5, 0.5, 13, 3], "texture": "#0"},
				"up": {"uv": [0, 0, 0, 0], "rotation": 180, "texture": "#0"},
				"down": {"uv": [0, 0, 0, 1.5], "rotation": 180, "texture": "#0"}
			}
		},
		{
			"name": "Core",
			"from": [15.5, 4, 7],
			"to": [15.5, 9, 8],
			"rotation": {"angle": 0, "axis": "y", "origin": [8, 9, 8]},
			"faces": {
				"north": {"uv": [0, 0, 0, 2.5], "texture": "#0"},
				"east": {"uv": [12.5, 1.5, 12.75, 2.75], "texture": "#0"},
				"south": {"uv": [0, 0, 0, 2.5], "texture": "#0"},
				"west": {"uv": [11.5, 0.5, 13, 3], "texture": "#0"},
				"up": {"uv": [0, 0, 0, 0], "rotation": 180, "texture": "#0"},
				"down": {"uv": [0, 0, 0, 1.5], "rotation": 180, "texture": "#0"}
			}
		},
		{
			"name": "Core",
			"from": [15.5, 8, 8],
			"to": [15.5, 11, 9],
			"rotation": {"angle": 0, "axis": "y", "origin": [8, 9, 8]},
			"faces": {
				"north": {"uv": [0, 0, 0, 2.5], "texture": "#0"},
				"east": {"uv": [12.25, 1, 12.5, 1.75], "texture": "#0"},
				"south": {"uv": [0, 0, 0, 2.5], "texture": "#0"},
				"west": {"uv": [11.5, 0.5, 13, 3], "texture": "#0"},
				"up": {"uv": [0, 0, 0, 0], "rotation": 180, "texture": "#0"},
				"down": {"uv": [0, 0, 0, 1.5], "rotation": 180, "texture": "#0"}
			}
		},
		{
			"name": "Core",
			"from": [15.5, 11, 7],
			"to": [15.5, 13, 9],
			"rotation": {"angle": 0, "axis": "y", "origin": [8, 9, 8]},
			"faces": {
				"north": {"uv": [0, 0, 0, 2.5], "texture": "#0"},
				"east": {"uv": [12.25, 0.5, 12.75, 1], "texture": "#0"},
				"south": {"uv": [0, 0, 0, 2.5], "texture": "#0"},
				"west": {"uv": [11.5, 0.5, 13, 3], "texture": "#0"},
				"up": {"uv": [0, 0, 0, 0], "rotation": 180, "texture": "#0"},
				"down": {"uv": [0, 0, 0, 1.5], "rotation": 180, "texture": "#0"}
			}
		},
		{
			"name": "Core",
			"from": [15.5, 8, 10],
			"to": [15.5, 13, 11],
			"rotation": {"angle": 0, "axis": "y", "origin": [8, 9, 8]},
			"faces": {
				"north": {"uv": [0, 0, 0, 2.5], "texture": "#0"},
				"east": {"uv": [11.75, 0.5, 12, 1.75], "texture": "#0"},
				"south": {"uv": [0, 0, 0, 2.5], "texture": "#0"},
				"west": {"uv": [11.5, 0.5, 13, 3], "texture": "#0"},
				"up": {"uv": [0, 0, 0, 0], "rotation": 180, "texture": "#0"},
				"down": {"uv": [0, 0, 0, 1.5], "rotation": 180, "texture": "#0"}
			}
		},
		{
			"name": "Core",
			"from": [15.5, 5, 11],
			"to": [15.5, 9, 12],
			"rotation": {"angle": 0, "axis": "y", "origin": [8, 9, 8]},
			"faces": {
				"north": {"uv": [0, 0, 0, 2.5], "texture": "#0"},
				"east": {"uv": [11.5, 1.5, 11.75, 2.5], "texture": "#0"},
				"south": {"uv": [0, 0, 0, 2.5], "texture": "#0"},
				"west": {"uv": [11.5, 0.5, 13, 3], "texture": "#0"},
				"up": {"uv": [0, 0, 0, 0], "rotation": 180, "texture": "#0"},
				"down": {"uv": [0, 0, 0, 1.5], "rotation": 180, "texture": "#0"}
			}
		},
		{
			"from": [7, -3, 7],
			"to": [9, -1, 9],
			"faces": {
				"north": {"uv": [15.5, 0.5, 16, 1], "texture": "#0"},
				"east": {"uv": [15.5, 0.5, 16, 1], "texture": "#0"},
				"south": {"uv": [15.5, 0.5, 16, 1], "texture": "#0"},
				"west": {"uv": [15.5, 0.5, 16, 1], "texture": "#0"},
				"up": {"uv": [15.5, 0.5, 16, 1], "texture": "#0"},
				"down": {"uv": [15.5, 0.5, 16, 1], "texture": "#0"}
			}
		},
		{
			"from": [6, -1, 6],
			"to": [10, 1, 10],
			"faces": {
				"north": {"uv": [15, 2, 16, 2.5], "texture": "#0"},
				"east": {"uv": [15, 2, 16, 2.5], "texture": "#0"},
				"south": {"uv": [15, 2, 16, 2.5], "texture": "#0"},
				"west": {"uv": [15, 2, 16, 2.5], "texture": "#0"},
				"up": {"uv": [15, 2.5, 16, 3.5], "texture": "#0"},
				"down": {"uv": [15, 2.5, 16, 3.5], "texture": "#0"}
			}
		},
		{
			"from": [4, -5, 4],
			"to": [12, -3, 12],
			"faces": {
				"north": {"uv": [13, 2.5, 15, 3], "texture": "#0"},
				"east": {"uv": [13, 2.5, 15, 3], "texture": "#0"},
				"south": {"uv": [13, 2.5, 15, 3], "texture": "#0"},
				"west": {"uv": [13, 2.5, 15, 3], "texture": "#0"},
				"up": {"uv": [13, 0.5, 15, 2.5], "texture": "#0"},
				"down": {"uv": [13, 0.5, 15, 2.5], "texture": "#0"}
			}
		},
		{
			"from": [7, -6, 7],
			"to": [9, -4, 9],
			"faces": {
				"north": {"uv": [15.5, 0, 16, 0.5], "texture": "#0"},
				"east": {"uv": [15.5, 0, 16, 0.5], "texture": "#0"},
				"south": {"uv": [15.5, 0, 16, 0.5], "texture": "#0"},
				"west": {"uv": [15.5, 0, 16, 0.5], "texture": "#0"},
				"up": {"uv": [15.5, 0, 16, 0.5], "texture": "#0"},
				"down": {"uv": [15.5, 0, 16, 0.5], "texture": "#0"}
			}
		},
		{
			"from": [9, -2.5, 7],
			"to": [12.5, -2.5, 9],
			"rotation": {"angle": 0, "axis": "y", "origin": [8, 0, 8]},
			"faces": {
				"north": {"uv": [15.25, 15.25, 16, 16], "texture": "#0"},
				"east": {"uv": [15, 0.5, 15.5, 1.25], "texture": "#0"},
				"south": {"uv": [15.25, 15.25, 16, 16], "texture": "#0"},
				"west": {"uv": [14, 4, 14.5, 4.75], "texture": "#0"},
				"up": {"uv": [15, 0.5, 15.5, 1.375], "rotation": 90, "texture": "#0"},
				"down": {"uv": [15, 0.5, 15.5, 1.375], "rotation": 270, "texture": "#0"}
			}
		},
		{
			"from": [9, -5.5, 7],
			"to": [12.5, -5.5, 9],
			"rotation": {"angle": 0, "axis": "y", "origin": [8, 0, 8]},
			"faces": {
				"north": {"uv": [15.25, 15.25, 16, 16], "texture": "#0"},
				"east": {"uv": [15, 0.5, 15.5, 1.25], "texture": "#0"},
				"south": {"uv": [15.25, 15.25, 16, 16], "texture": "#0"},
				"west": {"uv": [14, 4, 14.5, 4.75], "texture": "#0"},
				"up": {"uv": [15, 0.5, 15.5, 1.375], "rotation": 90, "texture": "#0"},
				"down": {"uv": [15, 0.5, 15.5, 1.375], "rotation": 270, "texture": "#0"}
			}
		},
		{
			"from": [12.5, -5.5, 7],
			"to": [12.5, -2.5, 9],
			"rotation": {"angle": 0, "axis": "y", "origin": [8, 0, 8]},
			"faces": {
				"north": {"uv": [15.25, 15.25, 16, 16], "texture": "#0"},
				"east": {"uv": [15, 0.5, 15.5, 1.25], "texture": "#0"},
				"south": {"uv": [15.25, 15.25, 16, 16], "texture": "#0"},
				"west": {"uv": [15, 0.5, 15.5, 1.25], "texture": "#0"},
				"up": {"uv": [15, 0.5, 15.5, 1.375], "rotation": 90, "texture": "#0"},
				"down": {"uv": [15, 0.5, 15.5, 1.375], "rotation": 270, "texture": "#0"}
			}
		},
		{
			"from": [7, -5.5, 3.5],
			"to": [9, -2.5, 3.5],
			"rotation": {"angle": 0, "axis": "y", "origin": [8, 0, 8]},
			"faces": {
				"north": {"uv": [15, 0.5, 15.5, 1.25], "texture": "#0"},
				"east": {"uv": [15.25, 15.25, 16, 16], "texture": "#0"},
				"south": {"uv": [15, 0.5, 15.5, 1.25], "texture": "#0"},
				"west": {"uv": [15.25, 15.25, 16, 16], "texture": "#0"},
				"up": {"uv": [15, 0.5, 15.5, 1.375], "texture": "#0"},
				"down": {"uv": [15, 0.5, 15.5, 1.375], "texture": "#0"}
			}
		},
		{
			"from": [7, -2.5, 3.5],
			"to": [9, -2.5, 7],
			"rotation": {"angle": 0, "axis": "y", "origin": [8, 0, 8]},
			"faces": {
				"north": {"uv": [15, 0.5, 15.5, 1.25], "texture": "#0"},
				"east": {"uv": [15.25, 15.25, 16, 16], "texture": "#0"},
				"south": {"uv": [14, 4, 14.5, 4.75], "texture": "#0"},
				"west": {"uv": [15.25, 15.25, 16, 16], "texture": "#0"},
				"up": {"uv": [15, 0.5, 15.5, 1.375], "texture": "#0"},
				"down": {"uv": [15, 0.5, 15.5, 1.375], "texture": "#0"}
			}
		},
		{
			"from": [7, -5.5, 3.5],
			"to": [9, -5.5, 7],
			"rotation": {"angle": 0, "axis": "y", "origin": [8, 0, 8]},
			"faces": {
				"north": {"uv": [15, 0.5, 15.5, 1.25], "texture": "#0"},
				"east": {"uv": [15.25, 15.25, 16, 16], "texture": "#0"},
				"south": {"uv": [14, 4, 14.5, 4.75], "texture": "#0"},
				"west": {"uv": [15.25, 15.25, 16, 16], "texture": "#0"},
				"up": {"uv": [15, 0.5, 15.5, 1.375], "texture": "#0"},
				"down": {"uv": [15, 0.5, 15.5, 1.375], "texture": "#0"}
			}
		},
		{
			"from": [3.5, -5.5, 7],
			"to": [3.5, -2.5, 9],
			"rotation": {"angle": 0, "axis": "y", "origin": [8, 0, 8]},
			"faces": {
				"north": {"uv": [15.25, 15.25, 16, 16], "texture": "#0"},
				"east": {"uv": [15, 0.5, 15.5, 1.25], "texture": "#0"},
				"south": {"uv": [15.25, 15.25, 16, 16], "texture": "#0"},
				"west": {"uv": [15, 0.5, 15.5, 1.25], "texture": "#0"},
				"up": {"uv": [15, 0.5, 15.5, 1.375], "rotation": 270, "texture": "#0"},
				"down": {"uv": [15, 0.5, 15.5, 1.375], "rotation": 90, "texture": "#0"}
			}
		},
		{
			"from": [3.5, -2.5, 7],
			"to": [7, -2.5, 9],
			"rotation": {"angle": 0, "axis": "y", "origin": [8, 0, 8]},
			"faces": {
				"north": {"uv": [15.25, 15.25, 16, 16], "texture": "#0"},
				"east": {"uv": [14, 4, 14.5, 4.75], "texture": "#0"},
				"south": {"uv": [15.25, 15.25, 16, 16], "texture": "#0"},
				"west": {"uv": [15, 0.5, 15.5, 1.25], "texture": "#0"},
				"up": {"uv": [15, 0.5, 15.5, 1.375], "rotation": 270, "texture": "#0"},
				"down": {"uv": [15, 0.5, 15.5, 1.375], "rotation": 90, "texture": "#0"}
			}
		},
		{
			"from": [3.5, -5.5, 7],
			"to": [7, -5.5, 9],
			"rotation": {"angle": 0, "axis": "y", "origin": [8, 0, 8]},
			"faces": {
				"north": {"uv": [15.25, 15.25, 16, 16], "texture": "#0"},
				"east": {"uv": [14, 4, 14.5, 4.75], "texture": "#0"},
				"south": {"uv": [15.25, 15.25, 16, 16], "texture": "#0"},
				"west": {"uv": [15, 0.5, 15.5, 1.25], "texture": "#0"},
				"up": {"uv": [15, 0.5, 15.5, 1.375], "rotation": 270, "texture": "#0"},
				"down": {"uv": [15, 0.5, 15.5, 1.375], "rotation": 90, "texture": "#0"}
			}
		},
		{
			"from": [7, -5.5, 12.5],
			"to": [9, -2.5, 12.5],
			"rotation": {"angle": 0, "axis": "y", "origin": [8, 0, 8]},
			"faces": {
				"north": {"uv": [15, 0.5, 15.5, 1.25], "texture": "#0"},
				"east": {"uv": [15.25, 15.25, 16, 16], "texture": "#0"},
				"south": {"uv": [15, 0.5, 15.5, 1.25], "texture": "#0"},
				"west": {"uv": [15.25, 15.25, 16, 16], "texture": "#0"},
				"up": {"uv": [15, 0.5, 15.5, 1.375], "rotation": 180, "texture": "#0"},
				"down": {"uv": [15, 0.5, 15.5, 1.375], "rotation": 180, "texture": "#0"}
			}
		},
		{
			"from": [7, -2.5, 9],
			"to": [9, -2.5, 12.5],
			"rotation": {"angle": 0, "axis": "y", "origin": [8, 0, 8]},
			"faces": {
				"north": {"uv": [14, 4, 14.5, 4.75], "texture": "#0"},
				"east": {"uv": [15.25, 15.25, 16, 16], "texture": "#0"},
				"south": {"uv": [15, 0.5, 15.5, 1.25], "texture": "#0"},
				"west": {"uv": [15.25, 15.25, 16, 16], "texture": "#0"},
				"up": {"uv": [15, 0.5, 15.5, 1.375], "rotation": 180, "texture": "#0"},
				"down": {"uv": [15, 0.5, 15.5, 1.375], "rotation": 180, "texture": "#0"}
			}
		},
		{
			"from": [7, -5.5, 9],
			"to": [9, -5.5, 12.5],
			"rotation": {"angle": 0, "axis": "y", "origin": [8, 0, 8]},
			"faces": {
				"north": {"uv": [14, 4, 14.5, 4.75], "texture": "#0"},
				"east": {"uv": [15.25, 15.25, 16, 16], "texture": "#0"},
				"south": {"uv": [15, 0.5, 15.5, 1.25], "texture": "#0"},
				"west": {"uv": [15.25, 15.25, 16, 16], "texture": "#0"},
				"up": {"uv": [15, 0.5, 15.5, 1.375], "rotation": 180, "texture": "#0"},
				"down": {"uv": [15, 0.5, 15.5, 1.375], "rotation": 180, "texture": "#0"}
			}
		},
		{
			"from": [6, 6, 0],
			"to": [10, 10, 16],
			"faces": {
				"north": {"uv": [6, 6, 10, 10], "texture": "#2"},
				"east": {"uv": [6, 0, 10, 16], "rotation": 90, "texture": "#1"},
				"south": {"uv": [6, 6, 10, 10], "texture": "#2"},
				"west": {"uv": [6, 0, 10, 16], "rotation": 90, "texture": "#1"},
				"up": {"uv": [6, 0, 10, 16], "texture": "#1"},
				"down": {"uv": [6, 0, 10, 16], "texture": "#1"}
			}
		}
	],
	"display": {
		"thirdperson_righthand": {
			"rotation": [75, 45, 0],
			"translation": [0, 2.5, 0],
			"scale": [0.375, 0.375, 0.375]
		},
		"thirdperson_lefthand": {
			"rotation": [75, 45, 0],
			"translation": [0, 2.5, 0],
			"scale": [0.375, 0.375, 0.375]
		},
		"firstperson_righthand": {
			"rotation": [0, 45, 0],
			"scale": [0.4, 0.4, 0.4]
		},
		"firstperson_lefthand": {
			"rotation": [0, 225, 0],
			"scale": [0.4, 0.4, 0.4]
		},
		"ground": {
			"translation": [0, 3, 0],
			"scale": [0.25, 0.25, 0.25]
		},
		"gui": {
			"rotation": [30, 225, 0],
			"scale": [0.625, 0.625, 0.625]
		},
		"head": {
			"rotation": [90, 0, 0]
		},
		"fixed": {
			"scale": [0.5, 0.5, 0.5]
		}
	}
}