{
	"credit": "Made with Blockbench",
	"texture_size": [32, 32],
	"textures": {
		"0": "create_new_age:block/heat_pipe",
		"particle": "create_new_age:block/heat_pipe"
	},
	"elements": [
		{
			"from": [3, 3, 3],
			"to": [13, 13, 13],
			"faces": {
				"north": {"uv": [0, 0, 5, 5], "texture": "#0"},
				"east": {"uv": [0, 0, 5, 5], "texture": "#0"},
				"south": {"uv": [0, 0, 5, 5], "texture": "#0"},
				"west": {"uv": [0, 0, 5, 5], "texture": "#0"},
				"up": {"uv": [5, 5, 0, 0], "texture": "#0"},
				"down": {"uv": [5, 0, 0, 5], "texture": "#0"}
			}
		},
		{
			"from": [0, 4, 4],
			"to": [3, 12, 12],
			"faces": {
				"north": {"uv": [6.5, 0, 5, 4], "texture": "#0"},
				"east": {"uv": [0, 5, 4, 9], "texture": "#0"},
				"south": {"uv": [5, 4, 6.5, 0], "texture": "#0"},
				"west": {"uv": [0, 5, 4, 9], "texture": "#0"},
				"up": {"uv": [5, 0, 6.5, 4], "texture": "#0"},
				"down": {"uv": [5, 0, 6.5, 4], "texture": "#0"}
			}
		},
		{
			"from": [0, 3.5, 3.5],
			"to": [1, 12.5, 3.5],
			"rotation": {"angle": 0, "axis": "y", "origin": [0, 8, 8]},
			"faces": {
				"north": {"uv": [6.5, 0, 7, 4.5], "texture": "#0"},
				"east": {"uv": [12, 12, 16, 16], "texture": "#0"},
				"south": {"uv": [6.5, 0, 7, 4.5], "texture": "#0"},
				"west": {"uv": [12, 12, 16, 16], "texture": "#0"},
				"up": {"uv": [6.5, 0, 7, 4.5], "texture": "#0"},
				"down": {"uv": [6.5, 0, 7, 4.5], "texture": "#0"}
			}
		},
		{
			"from": [0, 3.5, 3.5],
			"to": [1, 3.5, 12.5],
			"rotation": {"angle": 0, "axis": "y", "origin": [0, 8, 8]},
			"faces": {
				"north": {"uv": [6.5, 0, 7, 4.5], "rotation": 180, "texture": "#0"},
				"east": {"uv": [12, 12, 16, 16], "rotation": 90, "texture": "#0"},
				"south": {"uv": [6.5, 0, 7, 4.5], "texture": "#0"},
				"west": {"uv": [12, 12, 16, 16], "rotation": 270, "texture": "#0"},
				"up": {"uv": [6.5, 0, 7, 4.5], "texture": "#0"},
				"down": {"uv": [6.5, 0, 7, 4.5], "rotation": 180, "texture": "#0"}
			}
		},
		{
			"from": [0, 12.5, 3.5],
			"to": [1, 12.5, 12.5],
			"rotation": {"angle": 0, "axis": "y", "origin": [0, 8, 8]},
			"faces": {
				"north": {"uv": [6.5, 0, 7, 4.5], "rotation": 180, "texture": "#0"},
				"east": {"uv": [12, 12, 16, 16], "rotation": 270, "texture": "#0"},
				"south": {"uv": [6.5, 0, 7, 4.5], "texture": "#0"},
				"west": {"uv": [12, 12, 16, 16], "rotation": 90, "texture": "#0"},
				"up": {"uv": [6.5, 0, 7, 4.5], "rotation": 180, "texture": "#0"},
				"down": {"uv": [6.5, 0, 7, 4.5], "texture": "#0"}
			}
		},
		{
			"from": [0, 3.5, 12.5],
			"to": [1, 12.5, 12.5],
			"rotation": {"angle": 0, "axis": "y", "origin": [0, 8, 8]},
			"faces": {
				"north": {"uv": [6.5, 0, 7, 4.5], "rotation": 180, "texture": "#0"},
				"east": {"uv": [12, 12, 16, 16], "rotation": 180, "texture": "#0"},
				"south": {"uv": [6.5, 0, 7, 4.5], "rotation": 180, "texture": "#0"},
				"west": {"uv": [12, 12, 16, 16], "rotation": 180, "texture": "#0"},
				"up": {"uv": [6.5, 0, 7, 4.5], "texture": "#0"},
				"down": {"uv": [6.5, 0, 7, 4.5], "texture": "#0"}
			}
		},
		{
			"from": [13, 4, 4],
			"to": [16, 12, 12],
			"rotation": {"angle": 0, "axis": "y", "origin": [0, 8, 8]},
			"faces": {
				"north": {"uv": [5, 4, 6.5, 0], "texture": "#0"},
				"east": {"uv": [0, 5, 4, 9], "texture": "#0"},
				"south": {"uv": [6.5, 0, 5, 4], "texture": "#0"},
				"west": {"uv": [0, 5, 4, 9], "texture": "#0"},
				"up": {"uv": [5, 0, 6.5, 4], "rotation": 180, "texture": "#0"},
				"down": {"uv": [5, 0, 6.5, 4], "rotation": 180, "texture": "#0"}
			}
		},
		{
			"from": [15, 3.5, 12.5],
			"to": [16, 12.5, 12.5],
			"rotation": {"angle": 0, "axis": "y", "origin": [0, 8, 8]},
			"faces": {
				"north": {"uv": [6.5, 0, 7, 4.5], "texture": "#0"},
				"east": {"uv": [12, 12, 16, 16], "texture": "#0"},
				"south": {"uv": [6.5, 0, 7, 4.5], "texture": "#0"},
				"west": {"uv": [12, 12, 16, 16], "texture": "#0"},
				"up": {"uv": [6.5, 0, 7, 4.5], "rotation": 180, "texture": "#0"},
				"down": {"uv": [6.5, 0, 7, 4.5], "rotation": 180, "texture": "#0"}
			}
		},
		{
			"from": [15, 3.5, 3.5],
			"to": [16, 3.5, 12.5],
			"rotation": {"angle": 0, "axis": "y", "origin": [0, 8, 8]},
			"faces": {
				"north": {"uv": [6.5, 0, 7, 4.5], "texture": "#0"},
				"east": {"uv": [12, 12, 16, 16], "rotation": 270, "texture": "#0"},
				"south": {"uv": [6.5, 0, 7, 4.5], "rotation": 180, "texture": "#0"},
				"west": {"uv": [12, 12, 16, 16], "rotation": 90, "texture": "#0"},
				"up": {"uv": [6.5, 0, 7, 4.5], "rotation": 180, "texture": "#0"},
				"down": {"uv": [6.5, 0, 7, 4.5], "texture": "#0"}
			}
		},
		{
			"from": [15, 3.5, 3.5],
			"to": [16, 12.5, 3.5],
			"rotation": {"angle": 0, "axis": "y", "origin": [0, 8, 8]},
			"faces": {
				"north": {"uv": [6.5, 0, 7, 4.5], "rotation": 180, "texture": "#0"},
				"east": {"uv": [12, 12, 16, 16], "rotation": 180, "texture": "#0"},
				"south": {"uv": [6.5, 0, 7, 4.5], "rotation": 180, "texture": "#0"},
				"west": {"uv": [12, 12, 16, 16], "rotation": 180, "texture": "#0"},
				"up": {"uv": [6.5, 0, 7, 4.5], "rotation": 180, "texture": "#0"},
				"down": {"uv": [6.5, 0, 7, 4.5], "rotation": 180, "texture": "#0"}
			}
		},
		{
			"from": [15, 12.5, 3.5],
			"to": [16, 12.5, 12.5],
			"rotation": {"angle": 0, "axis": "y", "origin": [0, 8, 8]},
			"faces": {
				"north": {"uv": [6.5, 0, 7, 4.5], "texture": "#0"},
				"east": {"uv": [12, 12, 16, 16], "rotation": 90, "texture": "#0"},
				"south": {"uv": [6.5, 0, 7, 4.5], "rotation": 180, "texture": "#0"},
				"west": {"uv": [12, 12, 16, 16], "rotation": 270, "texture": "#0"},
				"up": {"uv": [6.5, 0, 7, 4.5], "texture": "#0"},
				"down": {"uv": [6.5, 0, 7, 4.5], "rotation": 180, "texture": "#0"}
			}
		}
	],
	"display": {
		"thirdperson_righthand": {
			"rotation": [75, -45, 0],
			"translation": [0, 2.5, 0],
			"scale": [0.375, 0.375, 0.375]
		},
		"thirdperson_lefthand": {
			"rotation": [75, -45, 0],
			"translation": [0, 2.5, 0],
			"scale": [0.375, 0.375, 0.375]
		},
		"firstperson_righthand": {
			"rotation": [0, -45, 0],
			"scale": [0.4, 0.4, 0.4]
		},
		"firstperson_lefthand": {
			"rotation": [0, -45, 0],
			"scale": [0.4, 0.4, 0.4]
		},
		"ground": {
			"translation": [0, 3, 0],
			"scale": [0.25, 0.25, 0.25]
		},
		"gui": {
			"rotation": [30, -45, 0],
			"scale": [0.625, 0.625, 0.625]
		},
		"fixed": {
			"scale": [0.5, 0.5, 0.5]
		}
	}
}