{
	"credit": "Made with Blockbench",
	"texture_size": [32, 32],
	"textures": {
		"0": "create_new_age:block/boiler_base",
		"1": "create_new_age:block/heater/heater_steel_on_1",
		"particle": "create_new_age:block/boiler_base"
	},
	"elements": [
		{
			"from": [3, 0, 3],
			"to": [13, 2, 13],
			"faces": {
				"north": {"uv": [3, 2.5, 5.5, 3], "texture": "#0"},
				"east": {"uv": [3, 2.5, 5.5, 3], "texture": "#0"},
				"south": {"uv": [3, 2.5, 5.5, 3], "texture": "#0"},
				"west": {"uv": [3, 2.5, 5.5, 3], "texture": "#0"},
				"up": {"uv": [3, 2.5, 0.5, 0], "texture": "#0"},
				"down": {"uv": [5.5, 0, 3, 2.5], "texture": "#0"}
			}
		},
		{
			"from": [2, 2, 2],
			"to": [14, 12, 14],
			"faces": {
				"north": {"uv": [0, 3, 3, 5.5], "texture": "#0"},
				"east": {"uv": [0, 3, 3, 5.5], "texture": "#0"},
				"south": {"uv": [0, 3, 3, 5.5], "texture": "#0"},
				"west": {"uv": [0, 3, 3, 5.5], "texture": "#0"},
				"up": {"uv": [3, 3, 0, 0], "texture": "#0"},
				"down": {"uv": [3, 0, 0, 3], "texture": "#0"}
			}
		},
		{
			"from": [2.5, 16.5, 2.5],
			"to": [3.5, 16.5, 13.5],
			"faces": {
				"north": {"uv": [0, 0, 0.5, 3], "texture": "#1"},
				"east": {"uv": [10.5, 13, 16, 16], "texture": "#1"},
				"south": {"uv": [0, 0, 0.5, 3], "texture": "#1"},
				"west": {"uv": [10.5, 13, 16, 16], "texture": "#1"},
				"up": {"uv": [0.5, 5.5, 0, 0], "texture": "#1"},
				"down": {"uv": [0.5, 0, 0, 5.5], "texture": "#1"}
			}
		},
		{
			"from": [2.5, 10.5, 13.5],
			"to": [3.5, 16.5, 13.5],
			"faces": {
				"north": {"uv": [0, 0, 0.5, 3], "texture": "#1"},
				"east": {"uv": [10.5, 13, 16, 16], "texture": "#1"},
				"south": {"uv": [0, 0, 0.5, 3], "texture": "#1"},
				"west": {"uv": [10.5, 13, 16, 16], "texture": "#1"},
				"up": {"uv": [0.5, 5.5, 0, 0], "texture": "#1"},
				"down": {"uv": [0.5, 0, 0, 5.5], "texture": "#1"}
			}
		},
		{
			"from": [2.5, 10.5, 2.5],
			"to": [3.5, 16.5, 2.5],
			"faces": {
				"north": {"uv": [5, 0, 5.5, 3], "texture": "#1"},
				"east": {"uv": [10.5, 13, 16, 16], "texture": "#1"},
				"south": {"uv": [0, 0, 0.5, 3], "texture": "#1"},
				"west": {"uv": [10.5, 13, 16, 16], "texture": "#1"},
				"up": {"uv": [16, 16, 10.5, 10.5], "texture": "#1"},
				"down": {"uv": [16, 10.5, 10.5, 16], "texture": "#1"}
			}
		},
		{
			"from": [4.5, 10.5, 2.5],
			"to": [5.5, 16.5, 2.5],
			"faces": {
				"north": {"uv": [4, 0, 4.5, 3], "texture": "#1"},
				"east": {"uv": [10.5, 13, 16, 16], "texture": "#1"},
				"south": {"uv": [0, 0, 0.5, 3], "texture": "#1"},
				"west": {"uv": [10.5, 13, 16, 16], "texture": "#1"},
				"up": {"uv": [16, 16, 10.5, 10.5], "texture": "#1"},
				"down": {"uv": [16, 10.5, 10.5, 16], "texture": "#1"}
			}
		},
		{
			"from": [4.5, 16.5, 2.5],
			"to": [5.5, 16.5, 13.5],
			"faces": {
				"north": {"uv": [0, 0, 0.5, 3], "texture": "#1"},
				"east": {"uv": [10.5, 13, 16, 16], "texture": "#1"},
				"south": {"uv": [0, 0, 0.5, 3], "texture": "#1"},
				"west": {"uv": [10.5, 13, 16, 16], "texture": "#1"},
				"up": {"uv": [1.5, 5.5, 1, 0], "texture": "#1"},
				"down": {"uv": [1.5, 0, 1, 5.5], "texture": "#1"}
			}
		},
		{
			"from": [4.5, 10.5, 13.5],
			"to": [5.5, 16.5, 13.5],
			"faces": {
				"north": {"uv": [0, 0, 0.5, 3], "texture": "#1"},
				"east": {"uv": [10.5, 13, 16, 16], "texture": "#1"},
				"south": {"uv": [1, 0, 1.5, 3], "texture": "#1"},
				"west": {"uv": [10.5, 13, 16, 16], "texture": "#1"},
				"up": {"uv": [0.5, 5.5, 0, 0], "texture": "#1"},
				"down": {"uv": [0.5, 0, 0, 5.5], "texture": "#1"}
			}
		},
		{
			"from": [6.5, 10.5, 2.5],
			"to": [7.5, 16.5, 2.5],
			"faces": {
				"north": {"uv": [3, 0, 3.5, 3], "texture": "#1"},
				"east": {"uv": [10.5, 13, 16, 16], "texture": "#1"},
				"south": {"uv": [0, 0, 0.5, 3], "texture": "#1"},
				"west": {"uv": [10.5, 13, 16, 16], "texture": "#1"},
				"up": {"uv": [16, 16, 10.5, 10.5], "texture": "#1"},
				"down": {"uv": [16, 10.5, 10.5, 16], "texture": "#1"}
			}
		},
		{
			"from": [6.5, 16.5, 2.5],
			"to": [7.5, 16.5, 13.5],
			"faces": {
				"north": {"uv": [0, 0, 0.5, 3], "texture": "#1"},
				"east": {"uv": [10.5, 13, 16, 16], "texture": "#1"},
				"south": {"uv": [0, 0, 0.5, 3], "texture": "#1"},
				"west": {"uv": [10.5, 13, 16, 16], "texture": "#1"},
				"up": {"uv": [2.5, 5.5, 2, 0], "texture": "#1"},
				"down": {"uv": [2.5, 0, 2, 5.5], "texture": "#1"}
			}
		},
		{
			"from": [6.5, 10.5, 13.5],
			"to": [7.5, 16.5, 13.5],
			"faces": {
				"north": {"uv": [0, 0, 0.5, 3], "texture": "#1"},
				"east": {"uv": [10.5, 13, 16, 16], "texture": "#1"},
				"south": {"uv": [2, 0, 2.5, 3], "texture": "#1"},
				"west": {"uv": [10.5, 13, 16, 16], "texture": "#1"},
				"up": {"uv": [0.5, 5.5, 0, 0], "texture": "#1"},
				"down": {"uv": [0.5, 0, 0, 5.5], "texture": "#1"}
			}
		},
		{
			"from": [8.5, 10.5, 2.5],
			"to": [9.5, 16.5, 2.5],
			"faces": {
				"north": {"uv": [2, 0, 2.5, 3], "texture": "#1"},
				"east": {"uv": [10.5, 13, 16, 16], "texture": "#1"},
				"south": {"uv": [0, 0, 0.5, 3], "texture": "#1"},
				"west": {"uv": [10.5, 13, 16, 16], "texture": "#1"},
				"up": {"uv": [16, 16, 10.5, 10.5], "texture": "#1"},
				"down": {"uv": [16, 10.5, 10.5, 16], "texture": "#1"}
			}
		},
		{
			"from": [8.5, 16.5, 2.5],
			"to": [9.5, 16.5, 13.5],
			"faces": {
				"north": {"uv": [0, 0, 0.5, 3], "texture": "#1"},
				"east": {"uv": [10.5, 13, 16, 16], "texture": "#1"},
				"south": {"uv": [0, 0, 0.5, 3], "texture": "#1"},
				"west": {"uv": [10.5, 13, 16, 16], "texture": "#1"},
				"up": {"uv": [3.5, 5.5, 3, 0], "texture": "#1"},
				"down": {"uv": [3.5, 0, 3, 5.5], "texture": "#1"}
			}
		},
		{
			"from": [8.5, 10.5, 13.5],
			"to": [9.5, 16.5, 13.5],
			"faces": {
				"north": {"uv": [0, 0, 0.5, 3], "texture": "#1"},
				"east": {"uv": [10.5, 13, 16, 16], "texture": "#1"},
				"south": {"uv": [3, 0, 3.5, 3], "texture": "#1"},
				"west": {"uv": [10.5, 13, 16, 16], "texture": "#1"},
				"up": {"uv": [0.5, 5.5, 0, 0], "texture": "#1"},
				"down": {"uv": [0.5, 0, 0, 5.5], "texture": "#1"}
			}
		},
		{
			"from": [10.5, 10.5, 2.5],
			"to": [11.5, 16.5, 2.5],
			"faces": {
				"north": {"uv": [1, 0, 1.5, 3], "texture": "#1"},
				"east": {"uv": [10.5, 13, 16, 16], "texture": "#1"},
				"south": {"uv": [0, 0, 0.5, 3], "texture": "#1"},
				"west": {"uv": [10.5, 13, 16, 16], "texture": "#1"},
				"up": {"uv": [16, 16, 10.5, 10.5], "texture": "#1"},
				"down": {"uv": [16, 10.5, 10.5, 16], "texture": "#1"}
			}
		},
		{
			"from": [10.5, 16.5, 2.5],
			"to": [11.5, 16.5, 13.5],
			"faces": {
				"north": {"uv": [0, 0, 0.5, 3], "texture": "#1"},
				"east": {"uv": [10.5, 13, 16, 16], "texture": "#1"},
				"south": {"uv": [0, 0, 0.5, 3], "texture": "#1"},
				"west": {"uv": [10.5, 13, 16, 16], "texture": "#1"},
				"up": {"uv": [4.5, 5.5, 4, 0], "texture": "#1"},
				"down": {"uv": [4.5, 0, 4, 5.5], "texture": "#1"}
			}
		},
		{
			"from": [10.5, 10.5, 13.5],
			"to": [11.5, 16.5, 13.5],
			"faces": {
				"north": {"uv": [0, 0, 0.5, 3], "texture": "#1"},
				"east": {"uv": [10.5, 13, 16, 16], "texture": "#1"},
				"south": {"uv": [4, 0, 4.5, 3], "texture": "#1"},
				"west": {"uv": [10.5, 13, 16, 16], "texture": "#1"},
				"up": {"uv": [0.5, 5.5, 0, 0], "texture": "#1"},
				"down": {"uv": [0.5, 0, 0, 5.5], "texture": "#1"}
			}
		},
		{
			"from": [12.5, 10.5, 2.5],
			"to": [13.5, 16.5, 2.5],
			"faces": {
				"north": {"uv": [0, 0, 0.5, 3], "texture": "#1"},
				"east": {"uv": [10.5, 13, 16, 16], "texture": "#1"},
				"south": {"uv": [0, 0, 0.5, 3], "texture": "#1"},
				"west": {"uv": [10.5, 13, 16, 16], "texture": "#1"},
				"up": {"uv": [16, 16, 10.5, 10.5], "texture": "#1"},
				"down": {"uv": [16, 10.5, 10.5, 16], "texture": "#1"}
			}
		},
		{
			"from": [12.5, 16.5, 2.5],
			"to": [13.5, 16.5, 13.5],
			"faces": {
				"north": {"uv": [0, 0, 0.5, 3], "texture": "#1"},
				"east": {"uv": [10.5, 13, 16, 16], "texture": "#1"},
				"south": {"uv": [0, 0, 0.5, 3], "texture": "#1"},
				"west": {"uv": [10.5, 13, 16, 16], "texture": "#1"},
				"up": {"uv": [5.5, 5.5, 5, 0], "texture": "#1"},
				"down": {"uv": [5.5, 0, 5, 5.5], "texture": "#1"}
			}
		},
		{
			"from": [12.5, 10.5, 13.5],
			"to": [13.5, 16.5, 13.5],
			"faces": {
				"north": {"uv": [0, 0, 0.5, 3], "texture": "#1"},
				"east": {"uv": [10.5, 13, 16, 16], "texture": "#1"},
				"south": {"uv": [5, 0, 5.5, 3], "texture": "#1"},
				"west": {"uv": [10.5, 13, 16, 16], "texture": "#1"},
				"up": {"uv": [0.5, 5.5, 0, 0], "texture": "#1"},
				"down": {"uv": [0.5, 0, 0, 5.5], "texture": "#1"}
			}
		},
		{
			"from": [3, 11, 3],
			"to": [13, 16, 13],
			"faces": {
				"north": {"uv": [5.5, 5, 10.5, 7.5], "texture": "#1"},
				"east": {"uv": [6, 5, 8.5, 0], "rotation": 90, "texture": "#1"},
				"south": {"uv": [5.5, 5, 10.5, 7.5], "texture": "#1"},
				"west": {"uv": [5.5, 0, 8, 5], "rotation": 90, "texture": "#1"},
				"up": {"uv": [10.5, 5, 5.5, 0], "texture": "#1"},
				"down": {"uv": [16, 11, 11, 16], "texture": "#1"}
			}
		},
		{
			"from": [0, 4, 4],
			"to": [2, 12, 12],
			"rotation": {"angle": 0, "axis": "y", "origin": [8, 0, 8]},
			"faces": {
				"north": {"uv": [2.75, 3, 2.25, 5], "texture": "#0"},
				"east": {"uv": [3.5, 4, 5.5, 6], "texture": "#0"},
				"south": {"uv": [2.25, 3, 2.75, 5], "texture": "#0"},
				"west": {"uv": [3.25, 0.25, 5.25, 2.25], "texture": "#0"},
				"up": {"uv": [5, 2.25, 5.5, 0.25], "texture": "#0"},
				"down": {"uv": [2.5, 3, 2, 5], "texture": "#0"}
			}
		},
		{
			"from": [4, 4, 14],
			"to": [12, 12, 16],
			"rotation": {"angle": 0, "axis": "y", "origin": [8, 0, 8]},
			"faces": {
				"north": {"uv": [3.5, 4, 5.5, 6], "texture": "#0"},
				"east": {"uv": [2.25, 3, 2.75, 5], "texture": "#0"},
				"south": {"uv": [3.25, 0.25, 5.25, 2.25], "texture": "#0"},
				"west": {"uv": [2.75, 3, 2.25, 5], "texture": "#0"},
				"up": {"uv": [5, 2.25, 5.5, 0.25], "rotation": 270, "texture": "#0"},
				"down": {"uv": [2.5, 3, 2, 5], "rotation": 90, "texture": "#0"}
			}
		},
		{
			"from": [4, 4, 0],
			"to": [12, 12, 2],
			"rotation": {"angle": 0, "axis": "y", "origin": [8, 0, 8]},
			"faces": {
				"north": {"uv": [3.25, 0.25, 5.25, 2.25], "texture": "#0"},
				"east": {"uv": [2.75, 3, 2.25, 5], "texture": "#0"},
				"south": {"uv": [3.5, 4, 5.5, 6], "texture": "#0"},
				"west": {"uv": [2.25, 3, 2.75, 5], "texture": "#0"},
				"up": {"uv": [5, 2.25, 5.5, 0.25], "rotation": 90, "texture": "#0"},
				"down": {"uv": [2.5, 3, 2, 5], "rotation": 270, "texture": "#0"}
			}
		},
		{
			"from": [14, 4, 4],
			"to": [16, 12, 12],
			"rotation": {"angle": 0, "axis": "y", "origin": [8, 0, 8]},
			"faces": {
				"north": {"uv": [2.25, 3, 2.75, 5], "texture": "#0"},
				"east": {"uv": [3.25, 0.25, 5.25, 2.25], "texture": "#0"},
				"south": {"uv": [2.75, 3, 2.25, 5], "texture": "#0"},
				"west": {"uv": [3.5, 4, 5.5, 6], "texture": "#0"},
				"up": {"uv": [5, 2.25, 5.5, 0.25], "rotation": 180, "texture": "#0"},
				"down": {"uv": [2.5, 3, 2, 5], "rotation": 180, "texture": "#0"}
			}
		}
	],
	"display": {
		"thirdperson_righthand": {
			"rotation": [75, 45, 0],
			"translation": [0, 2.5, 0],
			"scale": [0.375, 0.375, 0.375]
		},
		"thirdperson_lefthand": {
			"rotation": [75, 45, 0],
			"translation": [0, 2.5, 0],
			"scale": [0.375, 0.375, 0.375]
		},
		"firstperson_righthand": {
			"rotation": [0, 45, 0],
			"scale": [0.4, 0.4, 0.4]
		},
		"firstperson_lefthand": {
			"rotation": [0, 225, 0],
			"scale": [0.4, 0.4, 0.4]
		},
		"ground": {
			"translation": [0, 3, 0],
			"scale": [0.25, 0.25, 0.25]
		},
		"gui": {
			"rotation": [30, 225, 0],
			"scale": [0.625, 0.625, 0.625]
		},
		"fixed": {
			"scale": [0.5, 0.5, 0.5]
		}
	}
}