{
	"format_version": "1.12.0",
	"minecraft:geometry": [
		{
			"description": {
				"identifier": "geometry.unknown",
				"texture_width": 256,
				"texture_height": 256,
				"visible_bounds_width": 14,
				"visible_bounds_height": 17,
				"visible_bounds_offset": [0, 2.5, 0]
			},
			"bones": [
				{
					"name": "base",
					"pivot": [0, 0, 0],
					"cubes": [
						{
							"origin": [-24, -0.1, -8],
							"size": [48, 16, 16],
							"uv": {
								"north": {"uv": [11, 0], "uv_size": [49, 16]},
								"east": {"uv": [60, 0], "uv_size": [16, 16]},
								"south": {"uv": [11, 0], "uv_size": [49, 16]},
								"west": {"uv": [59, 0], "uv_size": [16, 16]},
								"up": {"uv": [11, 0], "uv_size": [49, 16]},
								"down": {"uv": [11, 16], "uv_size": [49, -16]}
							}
						},
						{
							"origin": [-24, -0.1, 7.9],
							"size": [48, 8, 8.1],
							"uv": {
								"north": {"uv": [11, 16], "uv_size": [48, 8]},
								"east": {"uv": [59, 16], "uv_size": [8, 8]},
								"south": {"uv": [11, 16], "uv_size": [48, 8]},
								"west": {"uv": [59, 16], "uv_size": [8, 8]},
								"up": {"uv": [11, 16], "uv_size": [48, 8]},
								"down": {"uv": [11, 24], "uv_size": [48, -8]}
							}
						},
						{
							"origin": [-24, -0.2, -16.1],
							"size": [48, 8, 8.1],
							"uv": {
								"north": {"uv": [11, 16], "uv_size": [48, 8]},
								"east": {"uv": [59, 16], "uv_size": [8, 8]},
								"south": {"uv": [11, 16], "uv_size": [48, 8]},
								"west": {"uv": [59, 16], "uv_size": [8, 8]},
								"up": {"uv": [11, 16], "uv_size": [48, 8]},
								"down": {"uv": [11, 24], "uv_size": [48, -8]}
							}
						}
					]
				},
				{
					"name": "RING",
					"pivot": [0, 48, 0.5]
				},
				{
					"name": "bone2",
					"parent": "RING",
					"pivot": [0, 48, 0.5]
				},
				{
					"name": "Pipes9",
					"parent": "bone2",
					"pivot": [0, 48, 0.5],
					"rotation": [0, 0, 22.5],
					"cubes": [
						{
							"origin": [-44.3, 46.3, -0.3],
							"size": [1.6, 2.6, 1.6],
							"pivot": [-42.5, 47.3, -1],
							"rotation": [0, 0, 90],
							"uv": {
								"north": {"uv": [99, 16], "uv_size": [6, 19]},
								"east": {"uv": [99, 16], "uv_size": [6, 19]},
								"south": {"uv": [99, 16], "uv_size": [6, 19]},
								"west": {"uv": [99, 16], "uv_size": [6, 19]},
								"up": {"uv": [63, 129], "uv_size": [1, 1]},
								"down": {"uv": [103, 27], "uv_size": [1, -1]}
							}
						},
						{
							"origin": [-44.5, 48.6, -0.5],
							"size": [2, 0.7, 2],
							"pivot": [-42.5, 47.3, -1],
							"rotation": [0, 0, 90],
							"uv": {
								"north": {"uv": [93, 10], "uv_size": [10, 4]},
								"east": {"uv": [93, 10], "uv_size": [10, 4]},
								"south": {"uv": [93, 10], "uv_size": [10, 4]},
								"west": {"uv": [93, 10], "uv_size": [10, 4]},
								"up": {"uv": [89, 16], "uv_size": [10, 10]},
								"down": {"uv": [89, 36], "uv_size": [10, -10]}
							}
						}
					]
				},
				{
					"name": "Pipes18",
					"parent": "bone2",
					"pivot": [0, 48, 0.5],
					"cubes": [
						{
							"origin": [-44.3, 46.3, -0.3],
							"size": [1.6, 2.6, 1.6],
							"pivot": [-42.5, 47.3, -1],
							"rotation": [0, 0, 90],
							"uv": {
								"north": {"uv": [99, 16], "uv_size": [6, 19]},
								"east": {"uv": [99, 16], "uv_size": [6, 19]},
								"south": {"uv": [99, 16], "uv_size": [6, 19]},
								"west": {"uv": [99, 16], "uv_size": [6, 19]},
								"up": {"uv": [63, 129], "uv_size": [1, 1]},
								"down": {"uv": [103, 27], "uv_size": [1, -1]}
							}
						},
						{
							"origin": [-44.5, 48.6, -0.5],
							"size": [2, 0.7, 2],
							"pivot": [-42.5, 47.3, -1],
							"rotation": [0, 0, 90],
							"uv": {
								"north": {"uv": [93, 10], "uv_size": [10, 4]},
								"east": {"uv": [93, 10], "uv_size": [10, 4]},
								"south": {"uv": [93, 10], "uv_size": [10, 4]},
								"west": {"uv": [93, 10], "uv_size": [10, 4]},
								"up": {"uv": [89, 16], "uv_size": [10, 10]},
								"down": {"uv": [89, 36], "uv_size": [10, -10]}
							}
						}
					]
				},
				{
					"name": "Pipes19",
					"parent": "bone2",
					"pivot": [0, 48, 0.5],
					"rotation": [0, 0, 45],
					"cubes": [
						{
							"origin": [-44.3, 46.3, -0.3],
							"size": [1.6, 2.6, 1.6],
							"pivot": [-42.5, 47.3, -1],
							"rotation": [0, 0, 90],
							"uv": {
								"north": {"uv": [99, 16], "uv_size": [6, 19]},
								"east": {"uv": [99, 16], "uv_size": [6, 19]},
								"south": {"uv": [99, 16], "uv_size": [6, 19]},
								"west": {"uv": [99, 16], "uv_size": [6, 19]},
								"up": {"uv": [63, 129], "uv_size": [1, 1]},
								"down": {"uv": [103, 27], "uv_size": [1, -1]}
							}
						},
						{
							"origin": [-44.5, 48.6, -0.5],
							"size": [2, 0.7, 2],
							"pivot": [-42.5, 47.3, -1],
							"rotation": [0, 0, 90],
							"uv": {
								"north": {"uv": [93, 10], "uv_size": [10, 4]},
								"east": {"uv": [93, 10], "uv_size": [10, 4]},
								"south": {"uv": [93, 10], "uv_size": [10, 4]},
								"west": {"uv": [93, 10], "uv_size": [10, 4]},
								"up": {"uv": [89, 16], "uv_size": [10, 10]},
								"down": {"uv": [89, 36], "uv_size": [10, -10]}
							}
						}
					]
				},
				{
					"name": "Pipes20",
					"parent": "bone2",
					"pivot": [0, 48, 0.5],
					"rotation": [0, 0, 67.5],
					"cubes": [
						{
							"origin": [-44.3, 46.3, -0.3],
							"size": [1.6, 2.6, 1.6],
							"pivot": [-42.5, 47.3, -1],
							"rotation": [0, 0, 90],
							"uv": {
								"north": {"uv": [99, 16], "uv_size": [6, 19]},
								"east": {"uv": [99, 16], "uv_size": [6, 19]},
								"south": {"uv": [99, 16], "uv_size": [6, 19]},
								"west": {"uv": [99, 16], "uv_size": [6, 19]},
								"up": {"uv": [63, 129], "uv_size": [1, 1]},
								"down": {"uv": [103, 27], "uv_size": [1, -1]}
							}
						},
						{
							"origin": [-44.5, 48.6, -0.5],
							"size": [2, 0.7, 2],
							"pivot": [-42.5, 47.3, -1],
							"rotation": [0, 0, 90],
							"uv": {
								"north": {"uv": [93, 10], "uv_size": [10, 4]},
								"east": {"uv": [93, 10], "uv_size": [10, 4]},
								"south": {"uv": [93, 10], "uv_size": [10, 4]},
								"west": {"uv": [93, 10], "uv_size": [10, 4]},
								"up": {"uv": [89, 16], "uv_size": [10, 10]},
								"down": {"uv": [89, 36], "uv_size": [10, -10]}
							}
						}
					]
				},
				{
					"name": "bone3",
					"parent": "bone2",
					"pivot": [0, 48, 0.5],
					"rotation": [0, 0, 90]
				},
				{
					"name": "Pipes21",
					"parent": "bone3",
					"pivot": [0, 48, 0.5],
					"rotation": [0, 0, 22.5],
					"cubes": [
						{
							"origin": [-44.3, 46.3, -0.3],
							"size": [1.6, 2.6, 1.6],
							"pivot": [-42.5, 47.3, -1],
							"rotation": [0, 0, 90],
							"uv": {
								"north": {"uv": [99, 16], "uv_size": [6, 19]},
								"east": {"uv": [99, 16], "uv_size": [6, 19]},
								"south": {"uv": [99, 16], "uv_size": [6, 19]},
								"west": {"uv": [99, 16], "uv_size": [6, 19]},
								"up": {"uv": [63, 129], "uv_size": [1, 1]},
								"down": {"uv": [103, 27], "uv_size": [1, -1]}
							}
						},
						{
							"origin": [-44.5, 48.6, -0.5],
							"size": [2, 0.7, 2],
							"pivot": [-42.5, 47.3, -1],
							"rotation": [0, 0, 90],
							"uv": {
								"north": {"uv": [93, 10], "uv_size": [10, 4]},
								"east": {"uv": [93, 10], "uv_size": [10, 4]},
								"south": {"uv": [93, 10], "uv_size": [10, 4]},
								"west": {"uv": [93, 10], "uv_size": [10, 4]},
								"up": {"uv": [89, 16], "uv_size": [10, 10]},
								"down": {"uv": [89, 36], "uv_size": [10, -10]}
							}
						}
					]
				},
				{
					"name": "Pipes22",
					"parent": "bone3",
					"pivot": [0, 48, 0.5],
					"cubes": [
						{
							"origin": [-44.3, 46.3, -0.3],
							"size": [1.6, 2.6, 1.6],
							"pivot": [-42.5, 47.3, -1],
							"rotation": [0, 0, 90],
							"uv": {
								"north": {"uv": [99, 16], "uv_size": [6, 19]},
								"east": {"uv": [99, 16], "uv_size": [6, 19]},
								"south": {"uv": [99, 16], "uv_size": [6, 19]},
								"west": {"uv": [99, 16], "uv_size": [6, 19]},
								"up": {"uv": [63, 129], "uv_size": [1, 1]},
								"down": {"uv": [103, 27], "uv_size": [1, -1]}
							}
						},
						{
							"origin": [-44.5, 48.6, -0.5],
							"size": [2, 0.7, 2],
							"pivot": [-42.5, 47.3, -1],
							"rotation": [0, 0, 90],
							"uv": {
								"north": {"uv": [93, 10], "uv_size": [10, 4]},
								"east": {"uv": [93, 10], "uv_size": [10, 4]},
								"south": {"uv": [93, 10], "uv_size": [10, 4]},
								"west": {"uv": [93, 10], "uv_size": [10, 4]},
								"up": {"uv": [89, 16], "uv_size": [10, 10]},
								"down": {"uv": [89, 36], "uv_size": [10, -10]}
							}
						}
					]
				},
				{
					"name": "Pipes23",
					"parent": "bone3",
					"pivot": [0, 48, 0.5],
					"rotation": [0, 0, 45],
					"cubes": [
						{
							"origin": [-44.3, 46.3, -0.3],
							"size": [1.6, 2.6, 1.6],
							"pivot": [-42.5, 47.3, -1],
							"rotation": [0, 0, 90],
							"uv": {
								"north": {"uv": [99, 16], "uv_size": [6, 19]},
								"east": {"uv": [99, 16], "uv_size": [6, 19]},
								"south": {"uv": [99, 16], "uv_size": [6, 19]},
								"west": {"uv": [99, 16], "uv_size": [6, 19]},
								"up": {"uv": [63, 129], "uv_size": [1, 1]},
								"down": {"uv": [103, 27], "uv_size": [1, -1]}
							}
						},
						{
							"origin": [-44.5, 48.6, -0.5],
							"size": [2, 0.7, 2],
							"pivot": [-42.5, 47.3, -1],
							"rotation": [0, 0, 90],
							"uv": {
								"north": {"uv": [93, 10], "uv_size": [10, 4]},
								"east": {"uv": [93, 10], "uv_size": [10, 4]},
								"south": {"uv": [93, 10], "uv_size": [10, 4]},
								"west": {"uv": [93, 10], "uv_size": [10, 4]},
								"up": {"uv": [89, 16], "uv_size": [10, 10]},
								"down": {"uv": [89, 36], "uv_size": [10, -10]}
							}
						}
					]
				},
				{
					"name": "Pipes24",
					"parent": "bone3",
					"pivot": [0, 48, 0.5],
					"rotation": [0, 0, 67.5],
					"cubes": [
						{
							"origin": [-44.3, 46.3, -0.3],
							"size": [1.6, 2.6, 1.6],
							"pivot": [-42.5, 47.3, -1],
							"rotation": [0, 0, 90],
							"uv": {
								"north": {"uv": [99, 16], "uv_size": [6, 19]},
								"east": {"uv": [99, 16], "uv_size": [6, 19]},
								"south": {"uv": [99, 16], "uv_size": [6, 19]},
								"west": {"uv": [99, 16], "uv_size": [6, 19]},
								"up": {"uv": [63, 129], "uv_size": [1, 1]},
								"down": {"uv": [103, 27], "uv_size": [1, -1]}
							}
						},
						{
							"origin": [-44.5, 48.6, -0.5],
							"size": [2, 0.7, 2],
							"pivot": [-42.5, 47.3, -1],
							"rotation": [0, 0, 90],
							"uv": {
								"north": {"uv": [93, 10], "uv_size": [10, 4]},
								"east": {"uv": [93, 10], "uv_size": [10, 4]},
								"south": {"uv": [93, 10], "uv_size": [10, 4]},
								"west": {"uv": [93, 10], "uv_size": [10, 4]},
								"up": {"uv": [89, 16], "uv_size": [10, 10]},
								"down": {"uv": [89, 36], "uv_size": [10, -10]}
							}
						}
					]
				},
				{
					"name": "bone4",
					"parent": "bone2",
					"pivot": [0, 48, 0.5],
					"rotation": [0, 0, -180]
				},
				{
					"name": "Pipes2",
					"parent": "bone4",
					"pivot": [0, 48, 0.5],
					"rotation": [0, 0, 22.5],
					"cubes": [
						{
							"origin": [-44.3, 46.3, -0.3],
							"size": [1.6, 2.6, 1.6],
							"pivot": [-42.5, 47.3, -1],
							"rotation": [0, 0, 90],
							"uv": {
								"north": {"uv": [99, 16], "uv_size": [6, 19]},
								"east": {"uv": [99, 16], "uv_size": [6, 19]},
								"south": {"uv": [99, 16], "uv_size": [6, 19]},
								"west": {"uv": [99, 16], "uv_size": [6, 19]},
								"up": {"uv": [63, 129], "uv_size": [1, 1]},
								"down": {"uv": [103, 27], "uv_size": [1, -1]}
							}
						},
						{
							"origin": [-44.5, 48.6, -0.5],
							"size": [2, 0.7, 2],
							"pivot": [-42.5, 47.3, -1],
							"rotation": [0, 0, 90],
							"uv": {
								"north": {"uv": [93, 10], "uv_size": [10, 4]},
								"east": {"uv": [93, 10], "uv_size": [10, 4]},
								"south": {"uv": [93, 10], "uv_size": [10, 4]},
								"west": {"uv": [93, 10], "uv_size": [10, 4]},
								"up": {"uv": [89, 16], "uv_size": [10, 10]},
								"down": {"uv": [89, 36], "uv_size": [10, -10]}
							}
						}
					]
				},
				{
					"name": "Pipes3",
					"parent": "bone4",
					"pivot": [0, 48, 0.5],
					"cubes": [
						{
							"origin": [-44.3, 46.3, -0.3],
							"size": [1.6, 2.6, 1.6],
							"pivot": [-42.5, 47.3, -1],
							"rotation": [0, 0, 90],
							"uv": {
								"north": {"uv": [99, 16], "uv_size": [6, 19]},
								"east": {"uv": [99, 16], "uv_size": [6, 19]},
								"south": {"uv": [99, 16], "uv_size": [6, 19]},
								"west": {"uv": [99, 16], "uv_size": [6, 19]},
								"up": {"uv": [63, 129], "uv_size": [1, 1]},
								"down": {"uv": [103, 27], "uv_size": [1, -1]}
							}
						},
						{
							"origin": [-44.5, 48.6, -0.5],
							"size": [2, 0.7, 2],
							"pivot": [-42.5, 47.3, -1],
							"rotation": [0, 0, 90],
							"uv": {
								"north": {"uv": [93, 10], "uv_size": [10, 4]},
								"east": {"uv": [93, 10], "uv_size": [10, 4]},
								"south": {"uv": [93, 10], "uv_size": [10, 4]},
								"west": {"uv": [93, 10], "uv_size": [10, 4]},
								"up": {"uv": [89, 16], "uv_size": [10, 10]},
								"down": {"uv": [89, 36], "uv_size": [10, -10]}
							}
						}
					]
				},
				{
					"name": "Pipes4",
					"parent": "bone4",
					"pivot": [0, 48, 0.5],
					"rotation": [0, 0, 45],
					"cubes": [
						{
							"origin": [-44.3, 46.3, -0.3],
							"size": [1.6, 2.6, 1.6],
							"pivot": [-42.5, 47.3, -1],
							"rotation": [0, 0, 90],
							"uv": {
								"north": {"uv": [99, 16], "uv_size": [6, 19]},
								"east": {"uv": [99, 16], "uv_size": [6, 19]},
								"south": {"uv": [99, 16], "uv_size": [6, 19]},
								"west": {"uv": [99, 16], "uv_size": [6, 19]},
								"up": {"uv": [63, 129], "uv_size": [1, 1]},
								"down": {"uv": [103, 27], "uv_size": [1, -1]}
							}
						},
						{
							"origin": [-44.5, 48.6, -0.5],
							"size": [2, 0.7, 2],
							"pivot": [-42.5, 47.3, -1],
							"rotation": [0, 0, 90],
							"uv": {
								"north": {"uv": [93, 10], "uv_size": [10, 4]},
								"east": {"uv": [93, 10], "uv_size": [10, 4]},
								"south": {"uv": [93, 10], "uv_size": [10, 4]},
								"west": {"uv": [93, 10], "uv_size": [10, 4]},
								"up": {"uv": [89, 16], "uv_size": [10, 10]},
								"down": {"uv": [89, 36], "uv_size": [10, -10]}
							}
						}
					]
				},
				{
					"name": "Pipes5",
					"parent": "bone4",
					"pivot": [0, 48, 0.5],
					"rotation": [0, 0, 67.5],
					"cubes": [
						{
							"origin": [-44.3, 46.3, -0.3],
							"size": [1.6, 2.6, 1.6],
							"pivot": [-42.5, 47.3, -1],
							"rotation": [0, 0, 90],
							"uv": {
								"north": {"uv": [99, 16], "uv_size": [6, 19]},
								"east": {"uv": [99, 16], "uv_size": [6, 19]},
								"south": {"uv": [99, 16], "uv_size": [6, 19]},
								"west": {"uv": [99, 16], "uv_size": [6, 19]},
								"up": {"uv": [63, 129], "uv_size": [1, 1]},
								"down": {"uv": [103, 27], "uv_size": [1, -1]}
							}
						},
						{
							"origin": [-44.5, 48.6, -0.5],
							"size": [2, 0.7, 2],
							"pivot": [-42.5, 47.3, -1],
							"rotation": [0, 0, 90],
							"uv": {
								"north": {"uv": [93, 10], "uv_size": [10, 4]},
								"east": {"uv": [93, 10], "uv_size": [10, 4]},
								"south": {"uv": [93, 10], "uv_size": [10, 4]},
								"west": {"uv": [93, 10], "uv_size": [10, 4]},
								"up": {"uv": [89, 16], "uv_size": [10, 10]},
								"down": {"uv": [89, 36], "uv_size": [10, -10]}
							}
						}
					]
				},
				{
					"name": "bone5",
					"parent": "bone4",
					"pivot": [0, 48, 0.5],
					"rotation": [0, 0, 90]
				},
				{
					"name": "Pipes6",
					"parent": "bone5",
					"pivot": [0, 48, 0.5],
					"rotation": [0, 0, 22.5],
					"cubes": [
						{
							"origin": [-44.3, 46.3, -0.3],
							"size": [1.6, 2.6, 1.6],
							"pivot": [-42.5, 47.3, -1],
							"rotation": [0, 0, 90],
							"uv": {
								"north": {"uv": [99, 16], "uv_size": [6, 19]},
								"east": {"uv": [99, 16], "uv_size": [6, 19]},
								"south": {"uv": [99, 16], "uv_size": [6, 19]},
								"west": {"uv": [99, 16], "uv_size": [6, 19]},
								"up": {"uv": [63, 129], "uv_size": [1, 1]},
								"down": {"uv": [103, 27], "uv_size": [1, -1]}
							}
						},
						{
							"origin": [-44.5, 48.6, -0.5],
							"size": [2, 0.7, 2],
							"pivot": [-42.5, 47.3, -1],
							"rotation": [0, 0, 90],
							"uv": {
								"north": {"uv": [93, 10], "uv_size": [10, 4]},
								"east": {"uv": [93, 10], "uv_size": [10, 4]},
								"south": {"uv": [93, 10], "uv_size": [10, 4]},
								"west": {"uv": [93, 10], "uv_size": [10, 4]},
								"up": {"uv": [89, 16], "uv_size": [10, 10]},
								"down": {"uv": [89, 36], "uv_size": [10, -10]}
							}
						}
					]
				},
				{
					"name": "Pipes7",
					"parent": "bone5",
					"pivot": [0, 48, 0.5],
					"cubes": [
						{
							"origin": [-44.3, 46.3, -0.3],
							"size": [1.6, 2.6, 1.6],
							"pivot": [-42.5, 47.3, -1],
							"rotation": [0, 0, 90],
							"uv": {
								"north": {"uv": [99, 16], "uv_size": [6, 19]},
								"east": {"uv": [99, 16], "uv_size": [6, 19]},
								"south": {"uv": [99, 16], "uv_size": [6, 19]},
								"west": {"uv": [99, 16], "uv_size": [6, 19]},
								"up": {"uv": [63, 129], "uv_size": [1, 1]},
								"down": {"uv": [103, 27], "uv_size": [1, -1]}
							}
						},
						{
							"origin": [-44.5, 48.6, -0.5],
							"size": [2, 0.7, 2],
							"pivot": [-42.5, 47.3, -1],
							"rotation": [0, 0, 90],
							"uv": {
								"north": {"uv": [93, 10], "uv_size": [10, 4]},
								"east": {"uv": [93, 10], "uv_size": [10, 4]},
								"south": {"uv": [93, 10], "uv_size": [10, 4]},
								"west": {"uv": [93, 10], "uv_size": [10, 4]},
								"up": {"uv": [89, 16], "uv_size": [10, 10]},
								"down": {"uv": [89, 36], "uv_size": [10, -10]}
							}
						}
					]
				},
				{
					"name": "Pipes8",
					"parent": "bone5",
					"pivot": [0, 48, 0.5],
					"rotation": [0, 0, 45],
					"cubes": [
						{
							"origin": [-44.3, 46.3, -0.3],
							"size": [1.6, 2.6, 1.6],
							"pivot": [-42.5, 47.3, -1],
							"rotation": [0, 0, 90],
							"uv": {
								"north": {"uv": [99, 16], "uv_size": [6, 19]},
								"east": {"uv": [99, 16], "uv_size": [6, 19]},
								"south": {"uv": [99, 16], "uv_size": [6, 19]},
								"west": {"uv": [99, 16], "uv_size": [6, 19]},
								"up": {"uv": [63, 129], "uv_size": [1, 1]},
								"down": {"uv": [103, 27], "uv_size": [1, -1]}
							}
						},
						{
							"origin": [-44.5, 48.6, -0.5],
							"size": [2, 0.7, 2],
							"pivot": [-42.5, 47.3, -1],
							"rotation": [0, 0, 90],
							"uv": {
								"north": {"uv": [93, 10], "uv_size": [10, 4]},
								"east": {"uv": [93, 10], "uv_size": [10, 4]},
								"south": {"uv": [93, 10], "uv_size": [10, 4]},
								"west": {"uv": [93, 10], "uv_size": [10, 4]},
								"up": {"uv": [89, 16], "uv_size": [10, 10]},
								"down": {"uv": [89, 36], "uv_size": [10, -10]}
							}
						}
					]
				},
				{
					"name": "Pipes10",
					"parent": "bone5",
					"pivot": [0, 48, 0.5],
					"rotation": [0, 0, 67.5],
					"cubes": [
						{
							"origin": [-44.3, 46.3, -0.3],
							"size": [1.6, 2.6, 1.6],
							"pivot": [-42.5, 47.3, -1],
							"rotation": [0, 0, 90],
							"uv": {
								"north": {"uv": [99, 16], "uv_size": [6, 19]},
								"east": {"uv": [99, 16], "uv_size": [6, 19]},
								"south": {"uv": [99, 16], "uv_size": [6, 19]},
								"west": {"uv": [99, 16], "uv_size": [6, 19]},
								"up": {"uv": [63, 129], "uv_size": [1, 1]},
								"down": {"uv": [103, 27], "uv_size": [1, -1]}
							}
						},
						{
							"origin": [-44.5, 48.6, -0.5],
							"size": [2, 0.7, 2],
							"pivot": [-42.5, 47.3, -1],
							"rotation": [0, 0, 90],
							"uv": {
								"north": {"uv": [93, 10], "uv_size": [10, 4]},
								"east": {"uv": [93, 10], "uv_size": [10, 4]},
								"south": {"uv": [93, 10], "uv_size": [10, 4]},
								"west": {"uv": [93, 10], "uv_size": [10, 4]},
								"up": {"uv": [89, 16], "uv_size": [10, 10]},
								"down": {"uv": [89, 36], "uv_size": [10, -10]}
							}
						}
					]
				},
				{
					"name": "MainRing",
					"parent": "RING",
					"pivot": [0, 48, 0.5],
					"rotation": [0, 90, 0],
					"cubes": [
						{
							"origin": [-2.875, 0, -9.04779],
							"size": [5.75, 6, 19.09559],
							"pivot": [-2.5, 48, 0.5],
							"rotation": [22.5, 0, 0],
							"uv": {
								"north": {"uv": [0, 39], "uv_size": [5, 6]},
								"east": {"uv": [58, 24], "uv_size": [19, 6]},
								"south": {"uv": [0, 39], "uv_size": [5, 6]},
								"west": {"uv": [58, 24], "uv_size": [19, 6]},
								"up": {"uv": [0, 0], "uv_size": [5, 19]},
								"down": {"uv": [0, 19], "uv_size": [5, -19]}
							}
						},
						{
							"origin": [-3, 0, -9.04779],
							"size": [6, 6, 19.09559],
							"uv": {
								"north": {"uv": [0, 39], "uv_size": [6, 6]},
								"east": {"uv": [58, 24], "uv_size": [19, 6]},
								"south": {"uv": [0, 39], "uv_size": [6, 6]},
								"west": {"uv": [58, 24], "uv_size": [19, 6]},
								"up": {"uv": [5, 0], "uv_size": [6, 19]},
								"down": {"uv": [5, 19], "uv_size": [6, -19]}
							}
						},
						{
							"origin": [-2.875, 0, -9.04779],
							"size": [5.75, 6, 19.09559],
							"pivot": [-2.5, 48, 0.5],
							"rotation": [-22.5, 0, 0],
							"uv": {
								"north": {"uv": [0, 39], "uv_size": [5, 6]},
								"east": {"uv": [58, 24], "uv_size": [19, 6]},
								"south": {"uv": [0, 39], "uv_size": [5, 6]},
								"west": {"uv": [58, 24], "uv_size": [19, 6]},
								"up": {"uv": [0, 0], "uv_size": [5, 19]},
								"down": {"uv": [0, 19], "uv_size": [5, -19]}
							}
						},
						{
							"origin": [-3, 38.45221, -47.5],
							"size": [6, 19.09559, 6],
							"pivot": [2.5, 48, 0.5],
							"rotation": [45, 0, 0],
							"uv": {
								"north": {"uv": [11, 0], "uv_size": [-6, 19]},
								"east": {"uv": [11, 0], "uv_size": [-6, 19]},
								"south": {"uv": [11, 0], "uv_size": [-6, 19]},
								"west": {"uv": [11, 0], "uv_size": [-6, 19]},
								"up": {"uv": [6, 39], "uv_size": [-6, 6]},
								"down": {"uv": [6, 45], "uv_size": [-6, -6]}
							}
						},
						{
							"origin": [-2.875, 38.45221, -47.5],
							"size": [5.75, 19.09559, 6],
							"pivot": [2.5, 48, 0.5],
							"rotation": [22.5, 0, 0],
							"uv": {
								"north": {"uv": [5, 0], "uv_size": [-5, 19]},
								"east": {"uv": [11, 0], "uv_size": [-6, 19]},
								"south": {"uv": [5, 0], "uv_size": [-5, 19]},
								"west": {"uv": [11, 0], "uv_size": [-6, 19]},
								"up": {"uv": [5, 39], "uv_size": [-5, 6]},
								"down": {"uv": [5, 45], "uv_size": [-5, -6]}
							}
						},
						{
							"origin": [-3, 38.45221, -47.5],
							"size": [6, 19.09559, 6],
							"uv": {
								"north": {"uv": [11, 0], "uv_size": [-6, 19]},
								"east": {"uv": [11, 0], "uv_size": [-6, 19]},
								"south": {"uv": [11, 0], "uv_size": [-6, 19]},
								"west": {"uv": [11, 0], "uv_size": [-6, 19]},
								"up": {"uv": [6, 39], "uv_size": [-6, 6]},
								"down": {"uv": [6, 45], "uv_size": [-6, -6]}
							}
						},
						{
							"origin": [-2.875, 38.45221, -47.5],
							"size": [5.75, 19.09559, 6],
							"pivot": [2.5, 48, 0.5],
							"rotation": [-22.5, 0, 0],
							"uv": {
								"north": {"uv": [5, 0], "uv_size": [-5, 19]},
								"east": {"uv": [11, 0], "uv_size": [-6, 19]},
								"south": {"uv": [5, 0], "uv_size": [-5, 19]},
								"west": {"uv": [11, 0], "uv_size": [-6, 19]},
								"up": {"uv": [5, 39], "uv_size": [-5, 6]},
								"down": {"uv": [5, 45], "uv_size": [-5, -6]}
							}
						},
						{
							"origin": [-3, 38.45221, -47.5],
							"size": [6, 19.09559, 6],
							"pivot": [2.5, 48, 0.5],
							"rotation": [-45, 0, 0],
							"uv": {
								"north": {"uv": [11, 0], "uv_size": [-6, 19]},
								"east": {"uv": [11, 0], "uv_size": [-6, 19]},
								"south": {"uv": [11, 0], "uv_size": [-6, 19]},
								"west": {"uv": [11, 0], "uv_size": [-6, 19]},
								"up": {"uv": [6, 39], "uv_size": [-6, 6]},
								"down": {"uv": [6, 45], "uv_size": [-6, -6]}
							}
						},
						{
							"origin": [-3, 38.45221, 42.5],
							"size": [6, 19.09559, 6],
							"pivot": [2.5, 48, 0.5],
							"rotation": [45, 0, 0],
							"uv": {
								"north": {"uv": [11, 0], "uv_size": [-6, 19]},
								"east": {"uv": [11, 0], "uv_size": [-6, 19]},
								"south": {"uv": [11, 0], "uv_size": [-6, 19]},
								"west": {"uv": [11, 0], "uv_size": [-6, 19]},
								"up": {"uv": [6, 39], "uv_size": [-6, 6]},
								"down": {"uv": [6, 45], "uv_size": [-6, -6]}
							}
						},
						{
							"origin": [-2.875, 38.45221, 42.5],
							"size": [5.75, 19.09559, 6],
							"pivot": [2.5, 48, 0.5],
							"rotation": [22.5, 0, 0],
							"uv": {
								"north": {"uv": [5, 0], "uv_size": [-5, 19]},
								"east": {"uv": [11, 0], "uv_size": [-6, 19]},
								"south": {"uv": [5, 0], "uv_size": [-5, 19]},
								"west": {"uv": [11, 0], "uv_size": [-6, 19]},
								"up": {"uv": [5, 39], "uv_size": [-5, 6]},
								"down": {"uv": [5, 45], "uv_size": [-5, -6]}
							}
						},
						{
							"origin": [-3, 38.45221, 42.5],
							"size": [6, 19.09559, 6],
							"uv": {
								"north": {"uv": [11, 0], "uv_size": [-6, 19]},
								"east": {"uv": [11, 0], "uv_size": [-6, 19]},
								"south": {"uv": [11, 0], "uv_size": [-6, 19]},
								"west": {"uv": [11, 0], "uv_size": [-6, 19]},
								"up": {"uv": [6, 39], "uv_size": [-6, 6]},
								"down": {"uv": [6, 45], "uv_size": [-6, -6]}
							}
						},
						{
							"origin": [-2.875, 38.45221, 42.5],
							"size": [5.75, 19.09559, 6],
							"pivot": [2.5, 48, 0.5],
							"rotation": [-22.5, 0, 0],
							"uv": {
								"north": {"uv": [5, 0], "uv_size": [-5, 19]},
								"east": {"uv": [11, 0], "uv_size": [-6, 19]},
								"south": {"uv": [5, 0], "uv_size": [-5, 19]},
								"west": {"uv": [11, 0], "uv_size": [-6, 19]},
								"up": {"uv": [5, 39], "uv_size": [-5, 6]},
								"down": {"uv": [5, 45], "uv_size": [-5, -6]}
							}
						},
						{
							"origin": [-3, 38.45221, 42.5],
							"size": [6, 19.09559, 6],
							"pivot": [2.5, 48, 0.5],
							"rotation": [-45, 0, 0],
							"uv": {
								"north": {"uv": [11, 0], "uv_size": [-6, 19]},
								"east": {"uv": [11, 0], "uv_size": [-6, 19]},
								"south": {"uv": [11, 0], "uv_size": [-6, 19]},
								"west": {"uv": [11, 0], "uv_size": [-6, 19]},
								"up": {"uv": [6, 39], "uv_size": [-6, 6]},
								"down": {"uv": [6, 45], "uv_size": [-6, -6]}
							}
						},
						{
							"origin": [-2.875, 90, -9.04779],
							"size": [5.75, 6, 19.09559],
							"pivot": [2.5, 48, 0.5],
							"rotation": [22.5, 0, 0],
							"uv": {
								"north": {"uv": [5, 39], "uv_size": [-5, 6]},
								"east": {"uv": [77, 24], "uv_size": [-19, 6]},
								"south": {"uv": [5, 39], "uv_size": [-5, 6]},
								"west": {"uv": [77, 24], "uv_size": [-19, 6]},
								"up": {"uv": [5, 0], "uv_size": [-5, 19]},
								"down": {"uv": [5, 19], "uv_size": [-5, -19]}
							}
						},
						{
							"origin": [-3, 90, -9.04779],
							"size": [6, 6, 19.09559],
							"uv": {
								"north": {"uv": [6, 39], "uv_size": [-6, 6]},
								"east": {"uv": [77, 24], "uv_size": [-19, 6]},
								"south": {"uv": [6, 39], "uv_size": [-6, 6]},
								"west": {"uv": [77, 24], "uv_size": [-19, 6]},
								"up": {"uv": [11, 0], "uv_size": [-6, 19]},
								"down": {"uv": [11, 19], "uv_size": [-6, -19]}
							}
						},
						{
							"origin": [-2.875, 90, -9.04779],
							"size": [5.75, 6, 19.09559],
							"pivot": [2.5, 48, 0.5],
							"rotation": [-22.5, 0, 0],
							"uv": {
								"north": {"uv": [5, 39], "uv_size": [-5, 6]},
								"east": {"uv": [77, 24], "uv_size": [-19, 6]},
								"south": {"uv": [5, 39], "uv_size": [-5, 6]},
								"west": {"uv": [77, 24], "uv_size": [-19, 6]},
								"up": {"uv": [5, 0], "uv_size": [-5, 19]},
								"down": {"uv": [5, 19], "uv_size": [-5, -19]}
							}
						}
					]
				},
				{
					"name": "Sides",
					"pivot": [0, 0, 0],
					"cubes": [
						{
							"origin": [-47.5, 6.75, -0.5],
							"size": [3, 22.5, 2],
							"pivot": [-56, 5, 0],
							"rotation": [0, 0, 20],
							"uv": {
								"north": {"uv": [2, 19], "uv_size": [3, 20]},
								"east": {"uv": [0, 19], "uv_size": [2, 20]},
								"south": {"uv": [2, 19], "uv_size": [3, 20]},
								"west": {"uv": [0, 19], "uv_size": [2, 20]},
								"up": {"uv": [0, 39], "uv_size": [3, 2]},
								"down": {"uv": [0, 41], "uv_size": [3, -2]}
							}
						},
						{
							"origin": [-47.82833, 18.23491, -1.5],
							"size": [6, 5.5, 4],
							"pivot": [-45, 6, 0],
							"rotation": [0, 0, 20],
							"uv": {
								"north": {"uv": [5, 19], "uv_size": [6, 5]},
								"east": {"uv": [5, 28], "uv_size": [4, 5]},
								"south": {"uv": [5, 19], "uv_size": [6, 5]},
								"west": {"uv": [5, 28], "uv_size": [4, 5]},
								"up": {"uv": [5, 24], "uv_size": [6, 4]},
								"down": {"uv": [5, 28], "uv_size": [6, -4]}
							}
						},
						{
							"origin": [-48.32833, 0, -1.5],
							"size": [6, 5, 4],
							"uv": {
								"north": {"uv": [5, 19], "uv_size": [6, 5]},
								"east": {"uv": [5, 28], "uv_size": [4, 5]},
								"south": {"uv": [5, 19], "uv_size": [6, 5]},
								"west": {"uv": [5, 28], "uv_size": [4, 5]},
								"up": {"uv": [5, 24], "uv_size": [6, 4]},
								"down": {"uv": [5, 28], "uv_size": [6, -4]}
							}
						},
						{
							"origin": [42.32833, 0, -1.5],
							"size": [6, 5, 4],
							"uv": {
								"north": {"uv": [11, 19], "uv_size": [-6, 5]},
								"east": {"uv": [9, 28], "uv_size": [-4, 5]},
								"south": {"uv": [11, 19], "uv_size": [-6, 5]},
								"west": {"uv": [9, 28], "uv_size": [-4, 5]},
								"up": {"uv": [11, 24], "uv_size": [-6, 4]},
								"down": {"uv": [11, 28], "uv_size": [-6, -4]}
							}
						},
						{
							"origin": [44.5, 6.75, -0.5],
							"size": [3, 22.5, 2],
							"pivot": [56, 5, 0],
							"rotation": [0, 0, -20],
							"uv": {
								"north": {"uv": [5, 19], "uv_size": [-3, 20]},
								"east": {"uv": [2, 19], "uv_size": [-2, 20]},
								"south": {"uv": [5, 19], "uv_size": [-3, 20]},
								"west": {"uv": [2, 19], "uv_size": [-2, 20]},
								"up": {"uv": [3, 39], "uv_size": [-3, 2]},
								"down": {"uv": [3, 41], "uv_size": [-3, -2]}
							}
						},
						{
							"origin": [40.57167, 14.9, -0.8],
							"size": [3.6, 0.8, 2.6],
							"pivot": [42.2, 13, 0],
							"rotation": [0, 0, -21],
							"uv": {
								"north": {"uv": [6, 33], "uv_size": [4, 1]},
								"east": {"uv": [9, 33], "uv_size": [6, 0]},
								"south": {"uv": [6, 33], "uv_size": [4, 3]},
								"west": {"uv": [6, 33], "uv_size": [4, 3]},
								"up": {"uv": [6, 36], "uv_size": [4, -3]},
								"down": {"uv": [6, 36], "uv_size": [4, -3]}
							}
						},
						{
							"origin": [40.57167, 6.9, -0.8],
							"size": [3.6, 0.8, 2.6],
							"pivot": [42.2, 13, 0],
							"rotation": [0, 0, -21],
							"uv": {
								"north": {"uv": [6, 36], "uv_size": [4, -3]},
								"east": {"uv": [6, 36], "uv_size": [4, -3]},
								"south": {"uv": [6, 36], "uv_size": [4, -3]},
								"west": {"uv": [6, 36], "uv_size": [4, -3]},
								"up": {"uv": [6, 33], "uv_size": [4, 3]},
								"down": {"uv": [6, 36], "uv_size": [4, -3]}
							}
						},
						{
							"origin": [-44.17167, 14.9, -0.8],
							"size": [3.6, 0.8, 2.6],
							"pivot": [-42.2, 13, 0],
							"rotation": [0, 0, 21],
							"uv": {
								"north": {"uv": [6, 36], "uv_size": [3, -3]},
								"east": {"uv": [6, 36], "uv_size": [4, -3]},
								"south": {"uv": [6, 36], "uv_size": [4, -3]},
								"west": {"uv": [8, 36], "uv_size": [2, 0]},
								"up": {"uv": [6, 33], "uv_size": [4, 3]},
								"down": {"uv": [6, 36], "uv_size": [4, -3]}
							}
						},
						{
							"origin": [-44.67167, 10.9, -1.3],
							"size": [4.6, 0.8, 3.6],
							"pivot": [-42.2, 13, 0],
							"rotation": [0, 0, 21],
							"uv": {
								"north": {"uv": [10, 33], "uv_size": [-4, 3]},
								"east": {"uv": [10, 33], "uv_size": [-4, 3]},
								"south": {"uv": [10, 33], "uv_size": [-4, 3]},
								"west": {"uv": [10, 33], "uv_size": [-4, 3]},
								"up": {"uv": [10, 33], "uv_size": [-4, 3]},
								"down": {"uv": [10, 36], "uv_size": [-4, -3]}
							}
						},
						{
							"origin": [40.07167, 10.9, -1.3],
							"size": [4.6, 0.8, 3.6],
							"pivot": [42.2, 13, 0],
							"rotation": [0, 0, -21],
							"uv": {
								"north": {"uv": [6, 33], "uv_size": [4, 3]},
								"east": {"uv": [6, 36], "uv_size": [4, -3]},
								"south": {"uv": [6, 33], "uv_size": [4, 3]},
								"west": {"uv": [6, 36], "uv_size": [4, -3]},
								"up": {"uv": [6, 33], "uv_size": [4, 3]},
								"down": {"uv": [6, 36], "uv_size": [4, -3]}
							}
						},
						{
							"origin": [-44.17167, 6.9, -0.8],
							"size": [3.6, 0.8, 2.6],
							"pivot": [-42.2, 13, 0],
							"rotation": [0, 0, 21],
							"uv": {
								"north": {"uv": [10, 36], "uv_size": [-4, -3]},
								"east": {"uv": [10, 36], "uv_size": [-3, -3]},
								"south": {"uv": [10, 36], "uv_size": [-4, -3]},
								"west": {"uv": [10, 36], "uv_size": [-4, -3]},
								"up": {"uv": [10, 33], "uv_size": [-4, 3]},
								"down": {"uv": [10, 36], "uv_size": [-4, -3]}
							}
						},
						{
							"origin": [41.82833, 18.23491, -1.5],
							"size": [6, 5.5, 4],
							"pivot": [45, 6, 0],
							"rotation": [0, 0, -20],
							"uv": {
								"north": {"uv": [11, 23], "uv_size": [-6, 5]},
								"east": {"uv": [9, 28], "uv_size": [-4, 5]},
								"south": {"uv": [11, 23], "uv_size": [-6, 5]},
								"west": {"uv": [9, 28], "uv_size": [-4, 5]},
								"up": {"uv": [11, 19], "uv_size": [-6, 4]},
								"down": {"uv": [11, 23], "uv_size": [-6, -4]}
							}
						}
					]
				}
			]
		}
	]
}