{
  "type": "endrem:loot_injection",
  "conditions": [
    {
      "condition": "forge:loot_table_id",
      "loot_table_id": "betterfortresses:chests/beacon",
      "loot_table_id": "betterfortresses:chests/hall",
      "loot_table_id": "betterfortresses:chests/keep",
      "loot_table_id": "betterfortresses:chests/obsidian",
      "loot_table_id": "betterfortresses:chests/puzzle",
      "loot_table_id": "betterfortresses:chests/storage",
      "loot_table_id": "betterfortresses:chests/worship"
    }
  ],
  "loot_table_id": "endrem:yungs/chests/inject_nether_eye_in_better_fortress",
  "allow_recursive_glms": true
}