{
	"credit": "Made with Blockbench",
	"texture_size": [64, 64],
	"textures": {
		"0": "create_new_age:block/electrical_connector",
		"particle": "create_new_age:block/electrical_connector"
	},
	"elements": [
		{
			"from": [4, 2, 4],
			"to": [12, 4, 12],
			"faces": {
				"north": {"uv": [0, 3.25, 2, 3.75], "texture": "#0"},
				"east": {"uv": [0, 3.25, 2, 3.75], "texture": "#0"},
				"south": {"uv": [0, 3.25, 2, 3.75], "texture": "#0"},
				"west": {"uv": [0, 3.25, 2, 3.75], "texture": "#0"},
				"up": {"uv": [6, 2, 4, 0], "texture": "#0"},
				"down": {"uv": [6, 0, 4, 2], "texture": "#0"}
			}
		},
		{
			"from": [5, 0, 5],
			"to": [11, 2, 11],
			"faces": {
				"north": {"uv": [0, 3.25, 1.5, 3.75], "texture": "#0"},
				"east": {"uv": [0, 3.25, 1.5, 3.75], "texture": "#0"},
				"south": {"uv": [0, 3.25, 1.5, 3.75], "texture": "#0"},
				"west": {"uv": [0, 3.25, 1.5, 3.75], "texture": "#0"},
				"up": {"uv": [1.5, 8.75, 0, 7.25], "texture": "#0"},
				"down": {"uv": [5.5, 2, 4, 3.5], "texture": "#0"}
			}
		},
		{
			"from": [5.01, -1.99, 5.01],
			"to": [10.99, 0, 10.99],
			"rotation": {"angle": 0, "axis": "x", "origin": [0, 0, 16]},
			"faces": {
				"north": {"uv": [0, 3.25, 1.5, 3.75], "rotation": 180, "texture": "#0"},
				"east": {"uv": [0, 3.25, 1.5, 3.75], "rotation": 180, "texture": "#0"},
				"south": {"uv": [0, 3.25, 1.5, 3.75], "rotation": 180, "texture": "#0"},
				"west": {"uv": [0, 3.25, 1.5, 3.75], "rotation": 180, "texture": "#0"},
				"up": {"uv": [5.5, 2, 4, 3.5], "texture": "#0"},
				"down": {"uv": [5.5, 3.5, 4, 2], "texture": "#0"}
			}
		},
		{
			"from": [4.5, 9, 4.5],
			"to": [11.5, 11, 4.5],
			"rotation": {"angle": 0, "axis": "y", "origin": [8, 9, 8]},
			"faces": {
				"north": {"uv": [0, 3.25, 1.75, 3.75], "texture": "#0"},
				"east": {"uv": [0, 3.25, 1.75, 3.75], "texture": "#0"},
				"south": {"uv": [0, 3.25, 1.75, 3.75], "texture": "#0"},
				"west": {"uv": [0, 3.25, 1.75, 3.75], "texture": "#0"},
				"up": {"uv": [7.25, 4, 7.25, 4], "texture": "#0"},
				"down": {"uv": [8.25, 1.75, 8.25, 1.75], "texture": "#0"}
			}
		},
		{
			"from": [4.5, 9, 4.5],
			"to": [4.5, 11, 11.5],
			"rotation": {"angle": 0, "axis": "y", "origin": [8, 9, 8]},
			"faces": {
				"north": {"uv": [0, 3.25, 1.75, 3.75], "texture": "#0"},
				"east": {"uv": [0, 3.25, 1.75, 3.75], "texture": "#0"},
				"south": {"uv": [0, 3.25, 1.75, 3.75], "texture": "#0"},
				"west": {"uv": [0, 3.25, 1.75, 3.75], "texture": "#0"},
				"up": {"uv": [7.25, 4, 7.25, 4], "rotation": 270, "texture": "#0"},
				"down": {"uv": [8.25, 1.75, 8.25, 1.75], "rotation": 90, "texture": "#0"}
			}
		},
		{
			"from": [11.5, 9, 4.5],
			"to": [11.5, 11, 11.5],
			"rotation": {"angle": 0, "axis": "y", "origin": [8, 9, 8]},
			"faces": {
				"north": {"uv": [0, 3.25, 1.75, 3.75], "texture": "#0"},
				"east": {"uv": [0, 3.25, 1.75, 3.75], "texture": "#0"},
				"south": {"uv": [0, 3.25, 1.75, 3.75], "texture": "#0"},
				"west": {"uv": [0, 3.25, 1.75, 3.75], "texture": "#0"},
				"up": {"uv": [7.25, 4, 7.25, 4], "rotation": 90, "texture": "#0"},
				"down": {"uv": [8.25, 1.75, 8.25, 1.75], "rotation": 270, "texture": "#0"}
			}
		},
		{
			"from": [4.5, 9, 11.5],
			"to": [11.5, 11, 11.5],
			"rotation": {"angle": 0, "axis": "y", "origin": [8, 9, 8]},
			"faces": {
				"north": {"uv": [0, 3.25, 1.75, 3.75], "texture": "#0"},
				"east": {"uv": [0, 3.25, 1.75, 3.75], "texture": "#0"},
				"south": {"uv": [0, 3.25, 1.75, 3.75], "texture": "#0"},
				"west": {"uv": [0, 3.25, 1.75, 3.75], "texture": "#0"},
				"up": {"uv": [7.25, 4, 7.25, 4], "rotation": 180, "texture": "#0"},
				"down": {"uv": [8.25, 1.75, 8.25, 1.75], "rotation": 180, "texture": "#0"}
			}
		},
		{
			"from": [4.5, 3, 4.5],
			"to": [4.5, 5, 11.5],
			"rotation": {"angle": 0, "axis": "y", "origin": [8, 9, 8]},
			"faces": {
				"north": {"uv": [0, 3.25, 1.75, 3.75], "texture": "#0"},
				"east": {"uv": [0, 3.25, 1.75, 3.75], "texture": "#0"},
				"south": {"uv": [0, 3.25, 1.75, 3.75], "texture": "#0"},
				"west": {"uv": [0, 3.25, 1.75, 3.75], "texture": "#0"},
				"up": {"uv": [7.25, 4, 7.25, 4], "rotation": 270, "texture": "#0"},
				"down": {"uv": [8.25, 1.75, 8.25, 1.75], "rotation": 90, "texture": "#0"}
			}
		},
		{
			"from": [4.5, 3, 4.5],
			"to": [11.5, 5, 4.5],
			"rotation": {"angle": 0, "axis": "y", "origin": [8, 9, 8]},
			"faces": {
				"north": {"uv": [0, 3.25, 1.75, 3.75], "texture": "#0"},
				"east": {"uv": [0, 3.25, 1.75, 3.75], "texture": "#0"},
				"south": {"uv": [0, 3.25, 1.75, 3.75], "texture": "#0"},
				"west": {"uv": [0, 3.25, 1.75, 3.75], "texture": "#0"},
				"up": {"uv": [7.25, 4, 7.25, 4], "texture": "#0"},
				"down": {"uv": [8.25, 1.75, 8.25, 1.75], "texture": "#0"}
			}
		},
		{
			"from": [11.5, 3, 4.5],
			"to": [11.5, 5, 11.5],
			"rotation": {"angle": 0, "axis": "y", "origin": [8, 9, 8]},
			"faces": {
				"north": {"uv": [0, 3.25, 1.75, 3.75], "texture": "#0"},
				"east": {"uv": [0, 3.25, 1.75, 3.75], "texture": "#0"},
				"south": {"uv": [0, 3.25, 1.75, 3.75], "texture": "#0"},
				"west": {"uv": [0, 3.25, 1.75, 3.75], "texture": "#0"},
				"up": {"uv": [7.25, 4, 7.25, 4], "rotation": 90, "texture": "#0"},
				"down": {"uv": [8.25, 1.75, 8.25, 1.75], "rotation": 270, "texture": "#0"}
			}
		},
		{
			"from": [4.5, 3, 11.5],
			"to": [11.5, 5, 11.5],
			"rotation": {"angle": 0, "axis": "y", "origin": [8, 9, 8]},
			"faces": {
				"north": {"uv": [0, 3.25, 1.75, 3.75], "texture": "#0"},
				"east": {"uv": [0, 3.25, 1.75, 3.75], "texture": "#0"},
				"south": {"uv": [0, 3.25, 1.75, 3.75], "texture": "#0"},
				"west": {"uv": [0, 3.25, 1.75, 3.75], "texture": "#0"},
				"up": {"uv": [7.25, 4, 7.25, 4], "rotation": 180, "texture": "#0"},
				"down": {"uv": [8.25, 1.75, 8.25, 1.75], "rotation": 180, "texture": "#0"}
			}
		},
		{
			"from": [4.5, 6, 4.5],
			"to": [4.5, 8, 11.5],
			"rotation": {"angle": 0, "axis": "y", "origin": [8, 9, 8]},
			"faces": {
				"north": {"uv": [0, 3.25, 1.75, 3.75], "texture": "#0"},
				"east": {"uv": [0, 3.25, 1.75, 3.75], "texture": "#0"},
				"south": {"uv": [0, 3.25, 1.75, 3.75], "texture": "#0"},
				"west": {"uv": [0, 3.25, 1.75, 3.75], "texture": "#0"},
				"up": {"uv": [7.25, 4, 7.25, 4], "rotation": 270, "texture": "#0"},
				"down": {"uv": [8.25, 1.75, 8.25, 1.75], "rotation": 90, "texture": "#0"}
			}
		},
		{
			"from": [4.5, 6, 4.5],
			"to": [11.5, 8, 4.5],
			"rotation": {"angle": 0, "axis": "y", "origin": [8, 9, 8]},
			"faces": {
				"north": {"uv": [0, 3.25, 1.75, 3.75], "texture": "#0"},
				"east": {"uv": [0, 3.25, 1.75, 3.75], "texture": "#0"},
				"south": {"uv": [0, 3.25, 1.75, 3.75], "texture": "#0"},
				"west": {"uv": [0, 3.25, 1.75, 3.75], "texture": "#0"},
				"up": {"uv": [7.25, 4, 7.25, 4], "texture": "#0"},
				"down": {"uv": [8.25, 1.75, 8.25, 1.75], "texture": "#0"}
			}
		},
		{
			"from": [11.5, 6, 4.5],
			"to": [11.5, 8, 11.5],
			"rotation": {"angle": 0, "axis": "y", "origin": [8, 9, 8]},
			"faces": {
				"north": {"uv": [0, 3.25, 1.75, 3.75], "texture": "#0"},
				"east": {"uv": [0, 3.25, 1.75, 3.75], "texture": "#0"},
				"south": {"uv": [0, 3.25, 1.75, 3.75], "texture": "#0"},
				"west": {"uv": [0, 3.25, 1.75, 3.75], "texture": "#0"},
				"up": {"uv": [7.25, 4, 7.25, 4], "rotation": 90, "texture": "#0"},
				"down": {"uv": [8.25, 1.75, 8.25, 1.75], "rotation": 270, "texture": "#0"}
			}
		},
		{
			"from": [4.5, 6, 11.5],
			"to": [11.5, 8, 11.5],
			"rotation": {"angle": 0, "axis": "y", "origin": [8, 9, 8]},
			"faces": {
				"north": {"uv": [0, 3.25, 1.75, 3.75], "texture": "#0"},
				"east": {"uv": [0, 3.25, 1.75, 3.75], "texture": "#0"},
				"south": {"uv": [0, 3.25, 1.75, 3.75], "texture": "#0"},
				"west": {"uv": [0, 3.25, 1.75, 3.75], "texture": "#0"},
				"up": {"uv": [7.25, 4, 7.25, 4], "rotation": 180, "texture": "#0"},
				"down": {"uv": [8.25, 1.75, 8.25, 1.75], "rotation": 180, "texture": "#0"}
			}
		},
		{
			"from": [5, 3, 5],
			"to": [11, 12, 11],
			"faces": {
				"north": {"uv": [2.5, 0, 4, 2.25], "texture": "#0"},
				"east": {"uv": [2.5, 0, 4, 2.25], "texture": "#0"},
				"south": {"uv": [2.5, 0, 4, 2.25], "texture": "#0"},
				"west": {"uv": [2.5, 0, 4, 2.25], "texture": "#0"},
				"up": {"uv": [4, 3.75, 2.5, 2.25], "texture": "#0"},
				"down": {"uv": [6, 7, 4.5, 8.5], "texture": "#0"}
			}
		}
	],
	"display": {
		"thirdperson_righthand": {
			"rotation": [75, 45, 0],
			"translation": [0, 1.25, 1.5],
			"scale": [0.375, 0.375, 0.375]
		},
		"thirdperson_lefthand": {
			"rotation": [75, 45, 0],
			"translation": [0, 1.25, 1.5],
			"scale": [0.375, 0.375, 0.375]
		},
		"firstperson_righthand": {
			"rotation": [0, 45, 0],
			"translation": [0, 3.5, 3],
			"scale": [0.4, 0.4, 0.4]
		},
		"firstperson_lefthand": {
			"rotation": [0, 225, 0],
			"translation": [0, 3.5, 3],
			"scale": [0.4, 0.4, 0.4]
		},
		"ground": {
			"translation": [0, 2, 0],
			"scale": [0.5, 0.5, 0.5]
		},
		"gui": {
			"rotation": [30, 225, 0],
			"scale": [0.625, 0.625, 0.625]
		},
		"head": {
			"rotation": [-90, 0, 0],
			"translation": [0, -4.75, -7.5]
		},
		"fixed": {
			"scale": [0.5, 0.5, 0.5]
		}
	}
}