{
	"credit": "Made with Blockbench",
	"textures": {
		"1": "create_new_age:block/t2",
		"2": "create_new_age:block/motor_base_t2",
		"particle": "create_new_age:block/motor_base_t2"
	},
	"elements": [
		{
			"name": "Back",
			"from": [3, 3, 2],
			"to": [13, 13, 4],
			"rotation": {"angle": 0, "axis": "y", "origin": [8, 0, 9]},
			"faces": {
				"north": {"uv": [0, 2, 2.5, 4.5], "texture": "#2"},
				"east": {"uv": [4.25, 0, 4.75, 2.5], "texture": "#2"},
				"south": {"uv": [0, 2, 2.5, 4.5], "texture": "#2"},
				"west": {"uv": [4.25, 0, 4.75, 2.5], "texture": "#2"},
				"up": {"uv": [2.5, 2, 0, 1.5], "rotation": 180, "texture": "#2"},
				"down": {"uv": [2.5, 1.5, 0, 2], "rotation": 180, "texture": "#2"}
			}
		},
		{
			"name": "Between Rims",
			"from": [5, 5, 3],
			"to": [11, 11, 7],
			"rotation": {"angle": 0, "axis": "y", "origin": [8, 0, 9]},
			"faces": {
				"north": {"uv": [0, 14.5, 1.5, 16], "texture": "#2"},
				"east": {"uv": [0, 4.5, 1, 6], "texture": "#2"},
				"south": {"uv": [0, 14.5, 1.5, 16], "texture": "#2"},
				"west": {"uv": [0, 4.5, 1, 6], "texture": "#2"},
				"up": {"uv": [4, 3, 2.5, 2], "rotation": 180, "texture": "#2"},
				"down": {"uv": [4, 2, 2.5, 3], "rotation": 180, "texture": "#2"}
			}
		},
		{
			"name": "Between Rims",
			"from": [3.5, 12.5, 11],
			"to": [12.5, 12.5, 14],
			"rotation": {"angle": 0, "axis": "y", "origin": [8, 0, 9]},
			"faces": {
				"north": {"uv": [0, 0, 0, 0], "texture": "#2"},
				"east": {"uv": [4.75, 1.5, 6.75, 2.25], "rotation": 90, "texture": "#2"},
				"south": {"uv": [0, 0, 0, 0], "texture": "#2"},
				"west": {"uv": [4.75, 1.5, 6.75, 2.25], "rotation": 90, "texture": "#2"},
				"up": {"uv": [6.75, 2.25, 4.75, 1.5], "rotation": 180, "texture": "#2"},
				"down": {"uv": [4.75, 3.75, 2.5, 4.5], "rotation": 180, "texture": "#2"}
			}
		},
		{
			"name": "Between Rims",
			"from": [3.5, 3.5, 11],
			"to": [3.5, 12.5, 14],
			"rotation": {"angle": 0, "axis": "y", "origin": [8, 0, 9]},
			"faces": {
				"north": {"uv": [0, 0, 0, 0], "rotation": 90, "texture": "#2"},
				"east": {"uv": [6.75, 1.5, 4.75, 2.25], "rotation": 90, "texture": "#2"},
				"south": {"uv": [0, 0, 0, 0], "rotation": 270, "texture": "#2"},
				"west": {"uv": [6.75, 2.25, 4.75, 1.5], "rotation": 90, "texture": "#2"},
				"up": {"uv": [4.75, 1.5, 6.75, 2.25], "texture": "#2"},
				"down": {"uv": [4.75, 1.5, 6.75, 2.25], "texture": "#2"}
			}
		},
		{
			"name": "Between Rims",
			"from": [12.5, 3.5, 11],
			"to": [12.5, 12.5, 14],
			"rotation": {"angle": 0, "axis": "y", "origin": [8, 0, 9]},
			"faces": {
				"north": {"uv": [0, 0, 0, 0], "rotation": 270, "texture": "#2"},
				"east": {"uv": [6.75, 2.25, 4.75, 1.5], "rotation": 270, "texture": "#2"},
				"south": {"uv": [0, 0, 0, 0], "rotation": 90, "texture": "#2"},
				"west": {"uv": [4.75, 3.75, 2.5, 4.5], "rotation": 270, "texture": "#2"},
				"up": {"uv": [4.75, 1.5, 6.75, 2.25], "rotation": 180, "texture": "#2"},
				"down": {"uv": [4.75, 1.5, 6.75, 2.25], "rotation": 180, "texture": "#2"}
			}
		},
		{
			"name": "Body",
			"from": [4, 4, 5],
			"to": [12, 12, 14],
			"rotation": {"angle": 0, "axis": "y", "origin": [8, 0, 9]},
			"faces": {
				"north": {"uv": [7, 2.25, 9, 4.25], "texture": "#2"},
				"east": {"uv": [7, 2.25, 4.75, 4.25], "texture": "#2"},
				"south": {"uv": [0, 14, 2, 16], "texture": "#2"},
				"west": {"uv": [4.75, 2.25, 7, 4.25], "texture": "#2"},
				"up": {"uv": [6.75, 2.25, 4.75, 0], "rotation": 180, "texture": "#2"},
				"down": {"uv": [8.75, 0, 6.75, 2.25], "rotation": 180, "texture": "#2"}
			}
		},
		{
			"from": [1, 0, 11],
			"to": [15, 3, 15],
			"rotation": {"angle": 0, "axis": "y", "origin": [8, 0, 9]},
			"faces": {
				"north": {"uv": [1, 4.5, 4.5, 5.25], "texture": "#2"},
				"east": {"uv": [2.5, 3, 3.5, 3.75], "texture": "#2"},
				"south": {"uv": [1, 4.5, 4.5, 5.25], "texture": "#2"},
				"west": {"uv": [2.5, 3, 3.5, 3.75], "texture": "#2"},
				"up": {"uv": [4.5, 6.25, 1, 5.25], "rotation": 180, "texture": "#2"},
				"down": {"uv": [4.5, 5.25, 1, 6.25], "rotation": 180, "texture": "#2"}
			}
		},
		{
			"from": [1, 0, 4],
			"to": [15, 3, 8],
			"rotation": {"angle": 0, "axis": "y", "origin": [8, 0, 9]},
			"faces": {
				"north": {"uv": [1, 4.5, 4.5, 5.25], "texture": "#2"},
				"east": {"uv": [2.5, 3, 3.5, 3.75], "texture": "#2"},
				"south": {"uv": [1, 4.5, 4.5, 5.25], "texture": "#2"},
				"west": {"uv": [2.5, 3, 3.5, 3.75], "texture": "#2"},
				"up": {"uv": [4.5, 6.25, 1, 5.25], "rotation": 180, "texture": "#2"},
				"down": {"uv": [4.5, 5.25, 1, 6.25], "rotation": 180, "texture": "#2"}
			}
		},
		{
			"from": [5, 7, 6],
			"to": [11, 13, 12],
			"rotation": {"angle": 0, "axis": "y", "origin": [8, 0, 9]},
			"faces": {
				"north": {"uv": [1.5, 0, 3, 1.5], "texture": "#2"},
				"east": {"uv": [1.5, 0, 3, 1.5], "texture": "#2"},
				"south": {"uv": [1.5, 0, 3, 1.5], "texture": "#2"},
				"west": {"uv": [1.5, 0, 3, 1.5], "texture": "#2"},
				"up": {"uv": [1.5, 1.5, 0, 0], "rotation": 180, "texture": "#2"},
				"down": {"uv": [3, 0, 1.5, 1.5], "rotation": 180, "texture": "#2"}
			}
		},
		{
			"from": [10, 13.5, 8],
			"to": [12, 13.5, 10],
			"rotation": {"angle": 0, "axis": "y", "origin": [8, 0, 9]},
			"faces": {
				"north": {"uv": [0, 0, 2, 0], "texture": "#1"},
				"east": {"uv": [0, 0, 2, 0], "texture": "#1"},
				"south": {"uv": [0, 0, 2, 0], "texture": "#1"},
				"west": {"uv": [0, 0, 2, 0], "texture": "#1"},
				"up": {"uv": [6, 2, 4, 0], "rotation": 180, "texture": "#1"},
				"down": {"uv": [6, 0, 4, 2], "rotation": 180, "texture": "#1"}
			}
		},
		{
			"from": [4, 13.5, 8],
			"to": [6, 13.5, 10],
			"rotation": {"angle": 0, "axis": "y", "origin": [8, 0, 9]},
			"faces": {
				"north": {"uv": [0, 0, 2, 0], "texture": "#1"},
				"east": {"uv": [0, 0, 2, 0], "texture": "#1"},
				"south": {"uv": [0, 0, 2, 0], "texture": "#1"},
				"west": {"uv": [0, 0, 2, 0], "texture": "#1"},
				"up": {"uv": [6, 0, 4, 2], "rotation": 180, "texture": "#1"},
				"down": {"uv": [6, 0, 4, 2], "rotation": 180, "texture": "#1"}
			}
		},
		{
			"from": [6, 13.5, 7],
			"to": [10, 13.5, 11],
			"rotation": {"angle": 0, "axis": "y", "origin": [8, 0, 9]},
			"faces": {
				"north": {"uv": [0, 0, 4, 0], "texture": "#1"},
				"east": {"uv": [0, 0, 4, 0], "texture": "#1"},
				"south": {"uv": [0, 0, 4, 0], "texture": "#1"},
				"west": {"uv": [0, 0, 4, 0], "texture": "#1"},
				"up": {"uv": [4, 4, 0, 0], "rotation": 180, "texture": "#1"},
				"down": {"uv": [4, 0, 0, 4], "rotation": 180, "texture": "#1"}
			}
		},
		{
			"from": [3, 5, 6],
			"to": [13, 11, 12],
			"rotation": {"angle": 0, "axis": "y", "origin": [8, 0, 9]},
			"faces": {
				"north": {"uv": [1.5, 0, 4, 1.5], "texture": "#2"},
				"east": {"uv": [0, 0, 1.5, 1.5], "texture": "#2"},
				"south": {"uv": [1.5, 0, 4, 1.5], "texture": "#2"},
				"west": {"uv": [0, 0, 1.5, 1.5], "texture": "#2"},
				"up": {"uv": [4, 1.5, 1.5, 0], "rotation": 180, "texture": "#2"},
				"down": {"uv": [4, 0, 1.5, 1.5], "rotation": 180, "texture": "#2"}
			}
		},
		{
			"from": [3, 3, 13.99],
			"to": [13, 13, 15.99],
			"rotation": {"angle": 0, "axis": "y", "origin": [8, 0, 9]},
			"faces": {
				"north": {"uv": [0, 2, 2.5, 4.5], "texture": "#2"},
				"east": {"uv": [4.25, 0, 4.75, 2.5], "texture": "#2"},
				"south": {"uv": [0, 2, 2.5, 4.5], "texture": "#2"},
				"west": {"uv": [4.25, 0, 4.75, 2.5], "texture": "#2"},
				"up": {"uv": [2.5, 2, 0, 1.5], "rotation": 180, "texture": "#2"},
				"down": {"uv": [2.5, 1.5, 0, 2], "rotation": 180, "texture": "#2"}
			}
		},
		{
			"from": [12, 2, 1],
			"to": [14, 4, 16],
			"rotation": {"angle": 0, "axis": "y", "origin": [8, 0, 9]},
			"faces": {
				"north": {"uv": [3.75, 1.5, 4.25, 2], "texture": "#2"},
				"east": {"uv": [0, 2, 3.75, 1.5], "texture": "#2"},
				"south": {"uv": [3.75, 1.5, 4.25, 2], "texture": "#2"},
				"west": {"uv": [0, 1.5, 3.75, 2], "texture": "#2"},
				"up": {"uv": [4.75, 3.75, 4.25, 0], "rotation": 180, "texture": "#2"},
				"down": {"uv": [4.25, 0, 4.75, 3.75], "rotation": 180, "texture": "#2"}
			}
		},
		{
			"from": [2, 2, 1],
			"to": [4, 4, 16],
			"rotation": {"angle": 0, "axis": "y", "origin": [8, 0, 9]},
			"faces": {
				"north": {"uv": [3.75, 1.5, 4.25, 2], "texture": "#2"},
				"east": {"uv": [0, 2, 3.75, 1.5], "texture": "#2"},
				"south": {"uv": [3.75, 1.5, 4.25, 2], "texture": "#2"},
				"west": {"uv": [0, 1.5, 3.75, 2], "texture": "#2"},
				"up": {"uv": [4.75, 3.75, 4.25, 0], "rotation": 180, "texture": "#2"},
				"down": {"uv": [4.25, 0, 4.75, 3.75], "rotation": 180, "texture": "#2"}
			}
		},
		{
			"from": [2, 12, 1],
			"to": [4, 14, 16],
			"rotation": {"angle": 0, "axis": "y", "origin": [8, 0, 9]},
			"faces": {
				"north": {"uv": [3.75, 1.5, 4.25, 2], "texture": "#2"},
				"east": {"uv": [0, 2, 3.75, 1.5], "texture": "#2"},
				"south": {"uv": [3.75, 1.5, 4.25, 2], "texture": "#2"},
				"west": {"uv": [0, 1.5, 3.75, 2], "texture": "#2"},
				"up": {"uv": [4.75, 3.75, 4.25, 0], "rotation": 180, "texture": "#2"},
				"down": {"uv": [4.25, 0, 4.75, 3.75], "rotation": 180, "texture": "#2"}
			}
		},
		{
			"from": [12, 12, 1],
			"to": [14, 14, 16],
			"rotation": {"angle": 0, "axis": "y", "origin": [8, 0, 9]},
			"faces": {
				"north": {"uv": [3.75, 1.5, 4.25, 2], "texture": "#2"},
				"east": {"uv": [0, 2, 3.75, 1.5], "texture": "#2"},
				"south": {"uv": [3.75, 1.5, 4.25, 2], "texture": "#2"},
				"west": {"uv": [0, 1.5, 3.75, 2], "texture": "#2"},
				"up": {"uv": [4.75, 3.75, 4.25, 0], "rotation": 180, "texture": "#2"},
				"down": {"uv": [4.25, 0, 4.75, 3.75], "rotation": 180, "texture": "#2"}
			}
		}
	],
	"display": {
		"thirdperson_righthand": {
			"rotation": [75, 45, 0],
			"translation": [0, 2.5, 0],
			"scale": [0.375, 0.375, 0.375]
		},
		"thirdperson_lefthand": {
			"rotation": [75, 45, 0],
			"translation": [0, 2.5, 0],
			"scale": [0.375, 0.375, 0.375]
		},
		"firstperson_righthand": {
			"rotation": [0, 45, 0],
			"scale": [0.4, 0.4, 0.4]
		},
		"firstperson_lefthand": {
			"rotation": [0, 225, 0],
			"scale": [0.4, 0.4, 0.4]
		},
		"ground": {
			"translation": [0, 3, 0],
			"scale": [0.25, 0.25, 0.25]
		},
		"gui": {
			"rotation": [30, 225, 0],
			"scale": [0.625, 0.625, 0.625]
		},
		"fixed": {
			"scale": [0.5, 0.5, 0.5]
		}
	}
}