{
	"credit": "Made with Blockbench",
	"texture_size": [64, 64],
	"textures": {
		"0": "create_new_age:block/boiler_base",
		"1": "create_new_age:block/solar/solar_1",
		"particle": "create_new_age:block/boiler_base"
	},
	"elements": [
		{
			"from": [3, 0, 3],
			"to": [13, 2, 13],
			"rotation": {"angle": 0, "axis": "y", "origin": [16, 0, 0]},
			"faces": {
				"north": {"uv": [5.5, 2.5, 3, 3], "texture": "#0"},
				"east": {"uv": [5.5, 2.5, 3, 3], "texture": "#0"},
				"south": {"uv": [5.5, 2.5, 3, 3], "texture": "#0"},
				"west": {"uv": [5.5, 2.5, 3, 3], "texture": "#0"},
				"up": {"uv": [0.5, 2.5, 3, 0], "texture": "#0"},
				"down": {"uv": [3, 0, 5.5, 2.5], "texture": "#0"}
			}
		},
		{
			"from": [2, 2, 2],
			"to": [14, 12, 14],
			"rotation": {"angle": 0, "axis": "y", "origin": [16, 0, 0]},
			"faces": {
				"north": {"uv": [3, 3, 0, 5.5], "texture": "#0"},
				"east": {"uv": [3, 3, 0, 5.5], "texture": "#0"},
				"south": {"uv": [3, 3, 0, 5.5], "texture": "#0"},
				"west": {"uv": [3, 3, 0, 5.5], "texture": "#0"},
				"up": {"uv": [0, 3, 3, 0], "texture": "#0"},
				"down": {"uv": [0, 0, 3, 3], "texture": "#0"}
			}
		},
		{
			"from": [14, 4, 4],
			"to": [16, 12, 12],
			"rotation": {"angle": 0, "axis": "y", "origin": [8, 0, 8]},
			"faces": {
				"north": {"uv": [2.25, 3, 2.75, 5], "texture": "#0"},
				"east": {"uv": [5.25, 0.25, 3.25, 2.25], "texture": "#0"},
				"south": {"uv": [2.75, 3, 2.25, 5], "texture": "#0"},
				"west": {"uv": [5.5, 4, 3.5, 6], "texture": "#0"},
				"up": {"uv": [5.5, 2.25, 5, 0.25], "texture": "#0"},
				"down": {"uv": [2, 3, 2.5, 5], "texture": "#0"}
			}
		},
		{
			"from": [4, 4, 14],
			"to": [12, 12, 16],
			"rotation": {"angle": 0, "axis": "y", "origin": [8, 0, 8]},
			"faces": {
				"north": {"uv": [5.5, 4, 3.5, 6], "texture": "#0"},
				"east": {"uv": [2.25, 3, 2.75, 5], "texture": "#0"},
				"south": {"uv": [5.25, 0.25, 3.25, 2.25], "texture": "#0"},
				"west": {"uv": [2.75, 3, 2.25, 5], "texture": "#0"},
				"up": {"uv": [5, 0.25, 5.5, 2.25], "rotation": 270, "texture": "#0"},
				"down": {"uv": [2.5, 5, 2, 3], "rotation": 90, "texture": "#0"}
			}
		},
		{
			"from": [4, 4, 0],
			"to": [12, 12, 2],
			"rotation": {"angle": 0, "axis": "y", "origin": [8, 0, 8]},
			"faces": {
				"north": {"uv": [5.25, 0.25, 3.25, 2.25], "texture": "#0"},
				"east": {"uv": [2.75, 3, 2.25, 5], "texture": "#0"},
				"south": {"uv": [5.5, 4, 3.5, 6], "texture": "#0"},
				"west": {"uv": [2.25, 3, 2.75, 5], "texture": "#0"},
				"up": {"uv": [5, 0.25, 5.5, 2.25], "rotation": 90, "texture": "#0"},
				"down": {"uv": [2.5, 5, 2, 3], "rotation": 270, "texture": "#0"}
			}
		},
		{
			"from": [0, 4, 4],
			"to": [2, 12, 12],
			"rotation": {"angle": 0, "axis": "y", "origin": [8, 0, 8]},
			"faces": {
				"north": {"uv": [2.75, 3, 2.25, 5], "texture": "#0"},
				"east": {"uv": [5.5, 4, 3.5, 6], "texture": "#0"},
				"south": {"uv": [2.25, 3, 2.75, 5], "texture": "#0"},
				"west": {"uv": [5.25, 0.25, 3.25, 2.25], "texture": "#0"},
				"up": {"uv": [5.5, 2.25, 5, 0.25], "rotation": 180, "texture": "#0"},
				"down": {"uv": [2, 3, 2.5, 5], "rotation": 180, "texture": "#0"}
			}
		},
		{
			"from": [13, 21, 2],
			"to": [14, 21, 3],
			"rotation": {"angle": -22.5, "axis": "z", "origin": [8, 16, 8]},
			"faces": {
				"north": {"uv": [4, 0, 0, 0], "texture": "#1"},
				"east": {"uv": [4, 0, 0, 0], "texture": "#1"},
				"south": {"uv": [4, 0, 0, 0], "texture": "#1"},
				"west": {"uv": [4, 0, 0, 0], "texture": "#1"},
				"up": {"uv": [3.25, 3.25, 3.5, 3], "texture": "#1"},
				"down": {"uv": [1.25, 3.75, 1.5, 4], "texture": "#1"}
			}
		},
		{
			"from": [14, 21, 3],
			"to": [15, 21, 4],
			"rotation": {"angle": -22.5, "axis": "z", "origin": [8, 16, 8]},
			"faces": {
				"north": {"uv": [4, 0, 0, 0], "texture": "#1"},
				"east": {"uv": [4, 0, 0, 0], "texture": "#1"},
				"south": {"uv": [4, 0, 0, 0], "texture": "#1"},
				"west": {"uv": [4, 0, 0, 0], "texture": "#1"},
				"up": {"uv": [3, 3.5, 3.25, 3.25], "texture": "#1"},
				"down": {"uv": [1.25, 3.75, 1.5, 4], "texture": "#1"}
			}
		},
		{
			"from": [4, 21, 12],
			"to": [5, 21, 13],
			"rotation": {"angle": -22.5, "axis": "z", "origin": [8, 16, 8]},
			"faces": {
				"north": {"uv": [4, 0, 0, 0], "texture": "#1"},
				"east": {"uv": [4, 0, 0, 0], "texture": "#1"},
				"south": {"uv": [4, 0, 0, 0], "texture": "#1"},
				"west": {"uv": [4, 0, 0, 0], "texture": "#1"},
				"up": {"uv": [0.75, 1, 1, 0.75], "texture": "#1"},
				"down": {"uv": [1.25, 3.75, 1.5, 4], "texture": "#1"}
			}
		},
		{
			"from": [5, 21, 13],
			"to": [6, 21, 14],
			"rotation": {"angle": -22.5, "axis": "z", "origin": [8, 16, 8]},
			"faces": {
				"north": {"uv": [4, 0, 0, 0], "texture": "#1"},
				"east": {"uv": [4, 0, 0, 0], "texture": "#1"},
				"south": {"uv": [4, 0, 0, 0], "texture": "#1"},
				"west": {"uv": [4, 0, 0, 0], "texture": "#1"},
				"up": {"uv": [0.5, 1.25, 0.75, 1], "texture": "#1"},
				"down": {"uv": [1.25, 3.75, 1.5, 4], "texture": "#1"}
			}
		},
		{
			"from": [3, 21, 11],
			"to": [4, 21, 12],
			"rotation": {"angle": -22.5, "axis": "z", "origin": [8, 16, 8]},
			"faces": {
				"north": {"uv": [4, 0, 0, 0], "texture": "#1"},
				"east": {"uv": [4, 0, 0, 0], "texture": "#1"},
				"south": {"uv": [4, 0, 0, 0], "texture": "#1"},
				"west": {"uv": [4, 0, 0, 0], "texture": "#1"},
				"up": {"uv": [1, 0.75, 1.25, 0.5], "texture": "#1"},
				"down": {"uv": [1.25, 3.75, 1.5, 4], "texture": "#1"}
			}
		},
		{
			"from": [1, 21, 15],
			"to": [17, 21, 16],
			"rotation": {"angle": -22.5, "axis": "z", "origin": [8, 16, 8]},
			"faces": {
				"north": {"uv": [4, 0, 0, 0], "texture": "#1"},
				"east": {"uv": [4, 0, 0, 0], "texture": "#1"},
				"south": {"uv": [4, 0, 0, 0], "texture": "#1"},
				"west": {"uv": [4, 0, 0, 0], "texture": "#1"},
				"up": {"uv": [4, 4, 3.75, 0], "rotation": 90, "texture": "#1"},
				"down": {"uv": [1.25, 3.75, 1.5, 4], "texture": "#1"}
			}
		},
		{
			"from": [1, 21, 0],
			"to": [17, 21, 1],
			"rotation": {"angle": -22.5, "axis": "z", "origin": [8, 16, 8]},
			"faces": {
				"north": {"uv": [4, 0, 0, 0], "texture": "#1"},
				"east": {"uv": [4, 0, 0, 0], "texture": "#1"},
				"south": {"uv": [4, 0, 0, 0], "texture": "#1"},
				"west": {"uv": [4, 0, 0, 0], "texture": "#1"},
				"up": {"uv": [0.25, 4, 0, 0], "rotation": 90, "texture": "#1"},
				"down": {"uv": [1.25, 3.75, 1.5, 4], "texture": "#1"}
			}
		},
		{
			"from": [1, 21, 1],
			"to": [2, 21, 15],
			"rotation": {"angle": -22.5, "axis": "z", "origin": [8, 16, 8]},
			"faces": {
				"north": {"uv": [4, 0, 0, 0], "texture": "#1"},
				"east": {"uv": [4, 0, 0, 0], "texture": "#1"},
				"south": {"uv": [4, 0, 0, 0], "texture": "#1"},
				"west": {"uv": [4, 0, 0, 0], "texture": "#1"},
				"up": {"uv": [0.25, 0, 3.75, 0.25], "rotation": 90, "texture": "#1"},
				"down": {"uv": [1.25, 4, 1.5, 3.75], "rotation": 90, "texture": "#1"}
			}
		},
		{
			"from": [16, 21, 1],
			"to": [17, 21, 15],
			"rotation": {"angle": -22.5, "axis": "z", "origin": [8, 16, 8]},
			"faces": {
				"north": {"uv": [4, 0, 0, 0], "texture": "#1"},
				"east": {"uv": [4, 0, 0, 0], "texture": "#1"},
				"south": {"uv": [4, 0, 0, 0], "texture": "#1"},
				"west": {"uv": [4, 0, 0, 0], "texture": "#1"},
				"up": {"uv": [0.25, 3.75, 3.75, 4], "rotation": 90, "texture": "#1"},
				"down": {"uv": [1.25, 4, 1.5, 3.75], "rotation": 90, "texture": "#1"}
			}
		},
		{
			"from": [3, 18, 13],
			"to": [15, 18, 14],
			"rotation": {"angle": -22.5, "axis": "z", "origin": [8, 16, 8]},
			"faces": {
				"north": {"uv": [4, 0, 0, 0], "texture": "#1"},
				"east": {"uv": [4, 0, 0, 0], "texture": "#1"},
				"south": {"uv": [4, 0, 0, 0], "texture": "#1"},
				"west": {"uv": [4, 0, 0, 0], "texture": "#1"},
				"up": {"uv": [4, 3, 3.75, 0], "rotation": 90, "texture": "#1"},
				"down": {"uv": [1.25, 3.75, 1.5, 4], "texture": "#1"}
			}
		},
		{
			"from": [12, 18, 5],
			"to": [13, 18, 6],
			"rotation": {"angle": -22.5, "axis": "z", "origin": [8, 16, 8]},
			"faces": {
				"north": {"uv": [4, 0, 0, 0], "texture": "#1"},
				"east": {"uv": [4, 0, 0, 0], "texture": "#1"},
				"south": {"uv": [4, 0, 0, 0], "texture": "#1"},
				"west": {"uv": [4, 0, 0, 0], "texture": "#1"},
				"up": {"uv": [3, 3.5, 3.25, 3.25], "texture": "#1"},
				"down": {"uv": [1.25, 3.75, 1.5, 4], "texture": "#1"}
			}
		},
		{
			"from": [11, 18, 4],
			"to": [12, 18, 5],
			"rotation": {"angle": -22.5, "axis": "z", "origin": [8, 16, 8]},
			"faces": {
				"north": {"uv": [4, 0, 0, 0], "texture": "#1"},
				"east": {"uv": [4, 0, 0, 0], "texture": "#1"},
				"south": {"uv": [4, 0, 0, 0], "texture": "#1"},
				"west": {"uv": [4, 0, 0, 0], "texture": "#1"},
				"up": {"uv": [3, 3.5, 3.25, 3.25], "texture": "#1"},
				"down": {"uv": [1.25, 3.75, 1.5, 4], "texture": "#1"}
			}
		},
		{
			"from": [5, 18, 9],
			"to": [6, 18, 10],
			"rotation": {"angle": -22.5, "axis": "z", "origin": [8, 16, 8]},
			"faces": {
				"north": {"uv": [4, 0, 0, 0], "texture": "#1"},
				"east": {"uv": [4, 0, 0, 0], "texture": "#1"},
				"south": {"uv": [4, 0, 0, 0], "texture": "#1"},
				"west": {"uv": [4, 0, 0, 0], "texture": "#1"},
				"up": {"uv": [1, 0.75, 1.25, 0.5], "texture": "#1"},
				"down": {"uv": [1.25, 3.75, 1.5, 4], "texture": "#1"}
			}
		},
		{
			"from": [6, 18, 10],
			"to": [7, 18, 11],
			"rotation": {"angle": -22.5, "axis": "z", "origin": [8, 16, 8]},
			"faces": {
				"north": {"uv": [4, 0, 0, 0], "texture": "#1"},
				"east": {"uv": [4, 0, 0, 0], "texture": "#1"},
				"south": {"uv": [4, 0, 0, 0], "texture": "#1"},
				"west": {"uv": [4, 0, 0, 0], "texture": "#1"},
				"up": {"uv": [0.75, 1, 1, 0.75], "texture": "#1"},
				"down": {"uv": [1.25, 3.75, 1.5, 4], "texture": "#1"}
			}
		},
		{
			"from": [7, 18, 11],
			"to": [8, 18, 12],
			"rotation": {"angle": -22.5, "axis": "z", "origin": [8, 16, 8]},
			"faces": {
				"north": {"uv": [4, 0, 0, 0], "texture": "#1"},
				"east": {"uv": [4, 0, 0, 0], "texture": "#1"},
				"south": {"uv": [4, 0, 0, 0], "texture": "#1"},
				"west": {"uv": [4, 0, 0, 0], "texture": "#1"},
				"up": {"uv": [0.5, 1.25, 0.75, 1], "texture": "#1"},
				"down": {"uv": [1.25, 3.75, 1.5, 4], "texture": "#1"}
			}
		},
		{
			"from": [3, 18, 2],
			"to": [15, 18, 3],
			"rotation": {"angle": -22.5, "axis": "z", "origin": [8, 16, 8]},
			"faces": {
				"north": {"uv": [4, 0, 0, 0], "texture": "#1"},
				"east": {"uv": [4, 0, 0, 0], "texture": "#1"},
				"south": {"uv": [4, 0, 0, 0], "texture": "#1"},
				"west": {"uv": [4, 0, 0, 0], "texture": "#1"},
				"up": {"uv": [0.25, 4, 0, 1], "rotation": 90, "texture": "#1"},
				"down": {"uv": [1.25, 3.75, 1.5, 4], "texture": "#1"}
			}
		},
		{
			"from": [14, 18, 3],
			"to": [15, 18, 13],
			"rotation": {"angle": -22.5, "axis": "z", "origin": [8, 16, 8]},
			"faces": {
				"north": {"uv": [4, 0, 0, 0], "texture": "#1"},
				"east": {"uv": [4, 0, 0, 0], "texture": "#1"},
				"south": {"uv": [4, 0, 0, 0], "texture": "#1"},
				"west": {"uv": [4, 0, 0, 0], "texture": "#1"},
				"up": {"uv": [0.75, 3.75, 3.25, 4], "rotation": 90, "texture": "#1"},
				"down": {"uv": [1.5, 4, 1.25, 3.75], "rotation": 90, "texture": "#1"}
			}
		},
		{
			"from": [3, 18, 3],
			"to": [4, 18, 13],
			"rotation": {"angle": -22.5, "axis": "z", "origin": [8, 16, 8]},
			"faces": {
				"north": {"uv": [4, 0, 0, 0], "texture": "#1"},
				"east": {"uv": [4, 0, 0, 0], "texture": "#1"},
				"south": {"uv": [4, 0, 0, 0], "texture": "#1"},
				"west": {"uv": [4, 0, 0, 0], "texture": "#1"},
				"up": {"uv": [1, 0, 4, 0.25], "rotation": 90, "texture": "#1"},
				"down": {"uv": [1.5, 4, 1.25, 3.75], "rotation": 90, "texture": "#1"}
			}
		},
		{
			"from": [5, 15, 5],
			"to": [6, 15, 11],
			"rotation": {"angle": -22.5, "axis": "z", "origin": [8, 16, 8]},
			"faces": {
				"north": {"uv": [4, 0, 0, 0], "texture": "#1"},
				"east": {"uv": [4, 0, 0, 0], "texture": "#1"},
				"south": {"uv": [4, 0, 0, 0], "texture": "#1"},
				"west": {"uv": [4, 0, 0, 0], "texture": "#1"},
				"up": {"uv": [1, 0, 4, 0.25], "rotation": 90, "texture": "#1"},
				"down": {"uv": [1.5, 4, 1.25, 3.75], "rotation": 90, "texture": "#1"}
			}
		},
		{
			"from": [12, 15, 5],
			"to": [13, 15, 11],
			"rotation": {"angle": -22.5, "axis": "z", "origin": [8, 16, 8]},
			"faces": {
				"north": {"uv": [4, 0, 0, 0], "texture": "#1"},
				"east": {"uv": [4, 0, 0, 0], "texture": "#1"},
				"south": {"uv": [4, 0, 0, 0], "texture": "#1"},
				"west": {"uv": [4, 0, 0, 0], "texture": "#1"},
				"up": {"uv": [0.75, 3.75, 3.25, 4], "rotation": 90, "texture": "#1"},
				"down": {"uv": [1.75, 4, 1.5, 3.75], "rotation": 90, "texture": "#1"}
			}
		},
		{
			"from": [5, 15, 4],
			"to": [13, 15, 5],
			"rotation": {"angle": -22.5, "axis": "z", "origin": [8, 16, 8]},
			"faces": {
				"north": {"uv": [4, 0, 0, 0], "texture": "#1"},
				"east": {"uv": [4, 0, 0, 0], "texture": "#1"},
				"south": {"uv": [4, 0, 0, 0], "texture": "#1"},
				"west": {"uv": [4, 0, 0, 0], "texture": "#1"},
				"up": {"uv": [0.25, 4, 0, 1], "rotation": 90, "texture": "#1"},
				"down": {"uv": [1.25, 3.75, 1.5, 4], "texture": "#1"}
			}
		},
		{
			"from": [8, 15, 9],
			"to": [9, 15, 10],
			"rotation": {"angle": -22.5, "axis": "z", "origin": [8, 16, 8]},
			"faces": {
				"north": {"uv": [4, 0, 0, 0], "texture": "#1"},
				"east": {"uv": [4, 0, 0, 0], "texture": "#1"},
				"south": {"uv": [4, 0, 0, 0], "texture": "#1"},
				"west": {"uv": [4, 0, 0, 0], "texture": "#1"},
				"up": {"uv": [0.5, 1.25, 0.75, 1], "texture": "#1"},
				"down": {"uv": [1.25, 3.75, 1.5, 4], "texture": "#1"}
			}
		},
		{
			"from": [7, 15, 8],
			"to": [8, 15, 9],
			"rotation": {"angle": -22.5, "axis": "z", "origin": [8, 16, 8]},
			"faces": {
				"north": {"uv": [4, 0, 0, 0], "texture": "#1"},
				"east": {"uv": [4, 0, 0, 0], "texture": "#1"},
				"south": {"uv": [4, 0, 0, 0], "texture": "#1"},
				"west": {"uv": [4, 0, 0, 0], "texture": "#1"},
				"up": {"uv": [0.75, 1, 1, 0.75], "texture": "#1"},
				"down": {"uv": [1.25, 3.75, 1.5, 4], "texture": "#1"}
			}
		},
		{
			"from": [10, 15, 6],
			"to": [11, 15, 7],
			"rotation": {"angle": -22.5, "axis": "z", "origin": [8, 16, 8]},
			"faces": {
				"north": {"uv": [4, 0, 0, 0], "texture": "#1"},
				"east": {"uv": [4, 0, 0, 0], "texture": "#1"},
				"south": {"uv": [4, 0, 0, 0], "texture": "#1"},
				"west": {"uv": [4, 0, 0, 0], "texture": "#1"},
				"up": {"uv": [3, 3.5, 3.25, 3.25], "texture": "#1"},
				"down": {"uv": [0, 0, 0, 0], "texture": "#1"}
			}
		},
		{
			"from": [5, 15, 11],
			"to": [13, 15, 12],
			"rotation": {"angle": -22.5, "axis": "z", "origin": [8, 16, 8]},
			"faces": {
				"north": {"uv": [4, 0, 0, 0], "texture": "#1"},
				"east": {"uv": [4, 0, 0, 0], "texture": "#1"},
				"south": {"uv": [4, 0, 0, 0], "texture": "#1"},
				"west": {"uv": [4, 0, 0, 0], "texture": "#1"},
				"up": {"uv": [4, 3, 3.75, 0], "rotation": 90, "texture": "#1"},
				"down": {"uv": [1.25, 3.75, 1.5, 4], "texture": "#1"}
			}
		},
		{
			"from": [7, 12, 16],
			"to": [9, 22, 16],
			"rotation": {"angle": 0, "axis": "y", "origin": [16, 0, 0]},
			"faces": {
				"north": {"uv": [4.5, 0, 4, 2.5], "texture": "#1"},
				"east": {"uv": [0, 0, 0, 2.5], "texture": "#1"},
				"south": {"uv": [4.5, 0, 4, 2.5], "texture": "#1"},
				"west": {"uv": [0, 0, 0, 2.5], "texture": "#1"},
				"up": {"uv": [0, 0, 0.5, 0], "texture": "#1"},
				"down": {"uv": [0, 0, 0.5, 0], "texture": "#1"}
			}
		},
		{
			"from": [7, 12, 14],
			"to": [9, 19, 14],
			"rotation": {"angle": 0, "axis": "y", "origin": [16, 0, 0]},
			"faces": {
				"north": {"uv": [4.5, 0, 4, 1.75], "texture": "#1"},
				"east": {"uv": [0, 0, 0, 1.75], "texture": "#1"},
				"south": {"uv": [4.5, 0, 4, 1.75], "texture": "#1"},
				"west": {"uv": [0, 0, 0, 1.75], "texture": "#1"},
				"up": {"uv": [0, 0, 0.5, 0], "texture": "#1"},
				"down": {"uv": [0, 0, 0.5, 0], "texture": "#1"}
			}
		},
		{
			"from": [7, 12, 12],
			"to": [9, 16, 12],
			"rotation": {"angle": 0, "axis": "y", "origin": [16, 0, 0]},
			"faces": {
				"north": {"uv": [4.5, 0, 4, 1], "texture": "#1"},
				"east": {"uv": [0, 0, 0, 1], "texture": "#1"},
				"south": {"uv": [4.5, 0, 4, 1], "texture": "#1"},
				"west": {"uv": [0, 0, 0, 1], "texture": "#1"},
				"up": {"uv": [0, 0, 0.5, 0], "texture": "#1"},
				"down": {"uv": [0, 0, 0.5, 0], "texture": "#1"}
			}
		},
		{
			"from": [7, 12, 4],
			"to": [9, 16, 4],
			"rotation": {"angle": 0, "axis": "y", "origin": [16, 0, 0]},
			"faces": {
				"north": {"uv": [4.5, 0, 4, 1], "texture": "#1"},
				"east": {"uv": [0, 0, 0, 1], "texture": "#1"},
				"south": {"uv": [4.5, 0, 4, 1], "texture": "#1"},
				"west": {"uv": [0, 0, 0, 1], "texture": "#1"},
				"up": {"uv": [0, 0, 0.5, 0], "texture": "#1"},
				"down": {"uv": [0, 0, 0.5, 0], "texture": "#1"}
			}
		},
		{
			"from": [7, 12, 2],
			"to": [9, 19, 2],
			"rotation": {"angle": 0, "axis": "y", "origin": [16, 0, 0]},
			"faces": {
				"north": {"uv": [4.5, 0, 4, 1.75], "texture": "#1"},
				"east": {"uv": [0, 0, 0, 1.75], "texture": "#1"},
				"south": {"uv": [4.5, 0, 4, 1.75], "texture": "#1"},
				"west": {"uv": [0, 0, 0, 1.75], "texture": "#1"},
				"up": {"uv": [0, 0, 0.5, 0], "texture": "#1"},
				"down": {"uv": [0, 0, 0.5, 0], "texture": "#1"}
			}
		},
		{
			"from": [7, 12, 0],
			"to": [9, 22, 0],
			"rotation": {"angle": 0, "axis": "y", "origin": [16, 0, 0]},
			"faces": {
				"north": {"uv": [4.5, 0, 4, 2.5], "texture": "#1"},
				"east": {"uv": [0, 0, 0, 2.5], "texture": "#1"},
				"south": {"uv": [4.5, 0, 4, 2.5], "texture": "#1"},
				"west": {"uv": [0, 0, 0, 2.5], "texture": "#1"},
				"up": {"uv": [0, 0, 0.5, 0], "texture": "#1"},
				"down": {"uv": [0, 0, 0.5, 0], "texture": "#1"}
			}
		}
	],
	"display": {
		"thirdperson_righthand": {
			"rotation": [75, 45, 0],
			"translation": [0, 2.5, 0],
			"scale": [0.375, 0.375, 0.375]
		},
		"thirdperson_lefthand": {
			"rotation": [75, 45, 0],
			"translation": [0, 2.5, 0],
			"scale": [0.375, 0.375, 0.375]
		},
		"firstperson_righthand": {
			"rotation": [0, 45, 0],
			"scale": [0.4, 0.4, 0.4]
		},
		"firstperson_lefthand": {
			"rotation": [0, 225, 0],
			"scale": [0.4, 0.4, 0.4]
		},
		"ground": {
			"translation": [0, 3, 0],
			"scale": [0.25, 0.25, 0.25]
		},
		"gui": {
			"rotation": [30, 40, 0],
			"scale": [0.625, 0.625, 0.625]
		},
		"fixed": {
			"scale": [0.5, 0.5, 0.5]
		}
	}
}