{
  "type": "minecraft:chest",
  "pools": [
    {
      "rolls": 1,
      "entries": [
        {
          "type": "minecraft:item",
          "name": "minecraft:infested_mossy_stone_bricks",
          "functions": [
            {
              "function": "minecraft:set_name",
              "name": {
                "translate": "item.minecraft.smithing_template",
                "color": "white",
                "italic": false
              }
            },
            {
              "function": "minecraft:set_nbt",
              "tag": "{CustomModelData:1}"
            },
            {
              "function": "minecraft:set_lore",
              "lore": [
                {
                  "text": "Danger Armor Trim",
                  "color": "gray",
                  "italic": false
                },
                {
                  "text": " "
                },
                {
                  "translate": "item.minecraft.smithing_template.applies_to",
                  "color": "gray",
                  "italic": false
                },
                {
                  "text": " Armor",
                  "color": "blue",
                  "italic": false
                },
                {
                  "translate": "item.minecraft.smithing_template.ingredients",
                  "color": "gray",
                  "italic": false
                },
                {
                  "text": " Ingots & Crystals",
                  "color": "blue",
                  "italic": false
                }
              ]
            }
          ]
        }
      ]
    }
  ]
}

