{
	"variants" : {
		"naturalist:textures/entity/butterfly/monarch.png" : "sprite:butterfly/butterfly_monarch.png",
		"naturalist:textures/entity/butterfly/clouded_yellow.png" : "sprite:butterfly/butterfly_clouded_yellow.png",
		"naturalist:textures/entity/butterfly/swallowtail.png" : "sprite:butterfly/butterfly_swallowtail.png",
		"naturalist:textures/entity/butterfly/blue_morpho.png" : "sprite:butterfly/butterfly_blue_morpho.png",
		"naturalist:textures/entity/butterfly/cabbage_white.png" : "sprite:butterfly/butterfly_cabbage_white.png"
	}
}