{
	"variants" : {
		"naturalist:textures/entity/snail/black.png" : "sprite:snail/snail_black.png",
		"naturalist:textures/entity/snail/blue.png" : "sprite:snail/snail_blue.png",
		"naturalist:textures/entity/snail/brown.png" : "sprite:snail/snail_brown.png",
		"naturalist:textures/entity/snail/cyan.png" : "sprite:snail/snail_cyan.png",
		"naturalist:textures/entity/snail/gray.png" : "sprite:snail/snail_gray.png",
		"naturalist:textures/entity/snail/green.png" : "sprite:snail/snail_green.png",
		"naturalist:textures/entity/snail/light_blue.png" : "sprite:snail/snail_light_blue.png",
		"naturalist:textures/entity/snail/light_gray.png" : "sprite:snail/snail_light_gray.png",
		"naturalist:textures/entity/snail/lime.png" : "sprite:snail/snail_lime.png",
		"naturalist:textures/entity/snail/magenta.png" : "sprite:snail/snail_magenta.png",
		"naturalist:textures/entity/snail/orange.png" : "sprite:snail/snail_orange.png",
		"naturalist:textures/entity/snail/pink.png" : "sprite:snail/snail_pink.png",
		"naturalist:textures/entity/snail/purple.png" : "sprite:snail/snail_purple.png",
		"naturalist:textures/entity/snail/red.png" : "sprite:snail/snail_red.png",
		"naturalist:textures/entity/snail/snail.png" : "sprite:snail/snail.png",
		"naturalist:textures/entity/snail/white.png" : "sprite:snail/snail_white.png",
		"naturalist:textures/entity/snail/yellow.png" : "sprite:snail/snail_yellow.png"
	}
}