{
	"credit": "Made with Blockbench",
	"texture_size": [32, 32],
	"textures": {
		"1": "create_new_age:block/heat_pump"
	},
	"elements": [
		{
			"from": [3, 3, 3],
			"to": [13, 13, 13],
			"faces": {
				"north": {"uv": [0, 0, 5, 5], "texture": "#1"},
				"east": {"uv": [0, 0, 5, 5], "texture": "#1"},
				"south": {"uv": [0, 0, 5, 5], "texture": "#1"},
				"west": {"uv": [0, 0, 5, 5], "texture": "#1"},
				"up": {"uv": [5, 5, 0, 0], "texture": "#1"},
				"down": {"uv": [0, 5, 5, 0], "rotation": 90, "texture": "#1"}
			}
		},
		{
			"from": [4.5, 5, 7],
			"to": [11.5, 12, 13],
			"rotation": {"angle": 45, "axis": "x", "origin": [8, 12, 13]},
			"faces": {
				"north": {"uv": [0.5, 4.5, 3.5, 7.5], "texture": "#missing"},
				"east": {"uv": [0, 5, 3, 8.5], "texture": "#1"},
				"south": {"uv": [5, 0, 9, 4], "texture": "#1"},
				"west": {"uv": [0, 5, 3, 8.5], "rotation": 180, "texture": "#1"},
				"up": {"uv": [0, 5, 3, 8.5], "rotation": 270, "texture": "#1"},
				"down": {"uv": [0, 5, 3, 8.5], "rotation": 90, "texture": "#1"}
			}
		},
		{
			"from": [3.9, 4.4, 4],
			"to": [12.1, 12.6, 7],
			"rotation": {"angle": 45, "axis": "x", "origin": [8, 12, 13]},
			"faces": {
				"north": {"uv": [5, 0, 9, 4], "texture": "#1"},
				"east": {"uv": [5, 0, 9, 1.5], "rotation": 90, "texture": "#1"},
				"south": {"uv": [5, 0, 9, 4], "texture": "#1"},
				"west": {"uv": [9, 0, 5, 1.5], "rotation": 270, "texture": "#1"},
				"up": {"uv": [9, 1.5, 5, 0], "rotation": 180, "texture": "#1"},
				"down": {"uv": [5, 0, 9, 1.5], "rotation": 180, "texture": "#1"}
			}
		}
	],
	"display": {
		"thirdperson_righthand": {
			"rotation": [75, 45, 0],
			"translation": [0, 2.5, 0],
			"scale": [0.375, 0.375, 0.375]
		},
		"thirdperson_lefthand": {
			"rotation": [75, 45, 0],
			"translation": [0, 2.5, 0],
			"scale": [0.375, 0.375, 0.375]
		},
		"firstperson_righthand": {
			"rotation": [0, 45, 0],
			"scale": [0.4, 0.4, 0.4]
		},
		"firstperson_lefthand": {
			"rotation": [0, 225, 0],
			"scale": [0.4, 0.4, 0.4]
		},
		"ground": {
			"translation": [0, 3, 0],
			"scale": [0.25, 0.25, 0.25]
		},
		"gui": {
			"rotation": [30, 225, 0],
			"scale": [0.625, 0.625, 0.625]
		},
		"head": {
			"rotation": [-45, 0, 0],
			"translation": [0, -8.25, -1]
		},
		"fixed": {
			"scale": [0.5, 0.5, 0.5]
		}
	}
}