{
	"credit": "Model generated using MrCrayfish's Model Creator (http://mrcrayfish.com/modelcreator/)",
	"render_type": "cutout",
	"texture_size": [32, 32],
	"textures": {
		"1": "refinedstorage:block/external_storage",
		"particle": "refinedstorage:block/external_storage"
	},
	"elements": [
		{
			"from": [2, 2, 0],
			"to": [14, 14, 5],
			"faces": {
				"north": {"uv": [0, 0, 6, 6], "texture": "#1"},
				"east": {"uv": [9, 3, 6.5, 9], "texture": "#1"},
				"south": {"uv": [0, 6, 6, 12], "texture": "#1"},
				"west": {"uv": [6.5, 3, 9, 9], "texture": "#1"},
				"up": {"uv": [0, 12.5, 6, 15], "texture": "#1"},
				"down": {"uv": [0, 15, 6, 12.5], "texture": "#1"}
			}
		},
		{
			"from": [4, 4, 0],
			"to": [12, 4, 4],
			"rotation": {"angle": -22.5, "axis": "x", "origin": [8, 4, 0]},
			"faces": {
				"north": {"uv": [0, 0, 4, 0], "texture": "#1"},
				"east": {"uv": [0, 0, 2, 0], "texture": "#1"},
				"south": {"uv": [0, 0, 4, 0], "texture": "#1"},
				"west": {"uv": [0, 0, 2, 0], "texture": "#1"},
				"up": {"uv": [1, 6, 5, 8], "texture": "#1"},
				"down": {"uv": [0, 0, 4, 2], "texture": "#1"}
			}
		},
		{
			"from": [4, 4, 0],
			"to": [4, 12, 4],
			"rotation": {"angle": 22.5, "axis": "y", "origin": [4, 8, 0]},
			"faces": {
				"north": {"uv": [0, 0, 4, 0], "rotation": 270, "texture": "#1"},
				"east": {"uv": [1, 6, 5, 8], "rotation": 90, "texture": "#1"},
				"south": {"uv": [0, 0, 4, 0], "rotation": 90, "texture": "#1"},
				"west": {"uv": [0, 0, 4, 2], "rotation": 90, "texture": "#1"},
				"up": {"uv": [0, 0, 2, 0], "rotation": 90, "texture": "#1"},
				"down": {"uv": [0, 0, 2, 0], "rotation": 90, "texture": "#1"}
			}
		},
		{
			"from": [4, 12, 0],
			"to": [12, 12, 4],
			"rotation": {"angle": 22.5, "axis": "x", "origin": [8, 12, 0]},
			"faces": {
				"north": {"uv": [0, 0, 4, 0], "rotation": 180, "texture": "#1"},
				"east": {"uv": [0, 0, 2, 0], "rotation": 180, "texture": "#1"},
				"south": {"uv": [0, 0, 4, 0], "rotation": 180, "texture": "#1"},
				"west": {"uv": [0, 0, 2, 0], "rotation": 180, "texture": "#1"},
				"up": {"uv": [0, 0, 4, 2], "rotation": 180, "texture": "#1"},
				"down": {"uv": [1, 6, 5, 8], "rotation": 180, "texture": "#1"}
			}
		},
		{
			"from": [12, 4, 0],
			"to": [12, 12, 4],
			"rotation": {"angle": -22.5, "axis": "y", "origin": [12, 8, 0]},
			"faces": {
				"north": {"uv": [0, 0, 4, 0], "rotation": 90, "texture": "#1"},
				"east": {"uv": [0, 0, 4, 2], "rotation": 270, "texture": "#1"},
				"south": {"uv": [0, 0, 4, 0], "rotation": 270, "texture": "#1"},
				"west": {"uv": [1, 6, 5, 8], "rotation": 270, "texture": "#1"},
				"up": {"uv": [0, 0, 2, 0], "rotation": 270, "texture": "#1"},
				"down": {"uv": [0, 0, 2, 0], "rotation": 270, "texture": "#1"}
			}
		},
		{
			"from": [5, 5, 3],
			"to": [11, 11, 3],
			"faces": {
				"north": {"uv": [6, 0, 9, 3], "texture": "#1"},
				"east": {"uv": [0, 0, 1, 3], "texture": "#1"},
				"south": {"uv": [6, 0, 9, 3], "texture": "#1"},
				"west": {"uv": [0, 0, 1, 3], "texture": "#1"},
				"up": {"uv": [0, 0, 3, 1], "texture": "#1"},
				"down": {"uv": [0, 0, 3, 1], "texture": "#1"}
			}
		},
		{
			"name": "Core",
			"from": [4, 4, 4],
			"to": [12, 12, 12],
			"faces": {
				"north": {"uv": [1, 7, 5, 11], "texture": "#1"},
				"east": {"uv": [1, 7, 5, 11], "texture": "#1"},
				"south": {"uv": [1, 7, 5, 11], "texture": "#1"},
				"west": {"uv": [1, 7, 5, 11], "texture": "#1"},
				"up": {"uv": [1, 7, 5, 11], "texture": "#1"},
				"down": {"uv": [1, 7, 5, 11], "texture": "#1"}
			}
		}
	]
}