{
	"credit": "Made with Blockbench",
	"texture_size": [64, 64],
	"textures": {
		"0": "create_new_age:block/reactor/acceptor",
		"particle": "create_new_age:block/reactor/acceptor"
	},
	"elements": [
		{
			"from": [0, 14, 0],
			"to": [16, 16, 16],
			"faces": {
				"north": {"uv": [0, 4, 4, 4.5], "texture": "#0"},
				"east": {"uv": [0, 4, 4, 4.5], "texture": "#0"},
				"south": {"uv": [0, 4, 4, 4.5], "texture": "#0"},
				"west": {"uv": [0, 4, 4, 4.5], "texture": "#0"},
				"up": {"uv": [4, 4, 0, 0], "texture": "#0"},
				"down": {"uv": [4, 0, 0, 4], "texture": "#0"}
			}
		},
		{
			"from": [0, 2, 0],
			"to": [16, 4, 16],
			"rotation": {"angle": 0, "axis": "y", "origin": [0, 16, 0]},
			"faces": {
				"north": {"uv": [0, 4.5, 4, 4], "texture": "#0"},
				"east": {"uv": [0, 4.5, 4, 4], "texture": "#0"},
				"south": {"uv": [0, 4.5, 4, 4], "texture": "#0"},
				"west": {"uv": [0, 4.5, 4, 4], "texture": "#0"},
				"up": {"uv": [4, 4, 0, 0], "texture": "#0"},
				"down": {"uv": [4, 0, 0, 4], "texture": "#0"}
			}
		},
		{
			"from": [2, 0, 2],
			"to": [14, 2, 14],
			"faces": {
				"north": {"uv": [0.5, 4, 3.5, 4.5], "texture": "#0"},
				"east": {"uv": [0.5, 4, 3.5, 4.5], "texture": "#0"},
				"south": {"uv": [0.5, 4, 3.5, 4.5], "texture": "#0"},
				"west": {"uv": [0.5, 4, 3.5, 4.5], "texture": "#0"},
				"up": {"uv": [6.5, 11, 3.5, 8], "texture": "#0"},
				"down": {"uv": [7, 0, 4, 3], "texture": "#0"}
			}
		},
		{
			"from": [8, -2, 11],
			"to": [8, 0, 12],
			"rotation": {"angle": 0, "axis": "y", "origin": [8, 0, 8]},
			"faces": {
				"north": {"uv": [0, 0, 0, 0.5], "texture": "#0"},
				"east": {"uv": [4, 3, 4.25, 3.5], "texture": "#0"},
				"south": {"uv": [0, 0, 0, 0.5], "texture": "#0"},
				"west": {"uv": [4, 3, 4.25, 3.5], "texture": "#0"},
				"up": {"uv": [0, 2, 0, 0], "texture": "#0"},
				"down": {"uv": [0, 0, 0, 2], "texture": "#0"}
			}
		},
		{
			"from": [8, -1, 10],
			"to": [8, 0, 11],
			"rotation": {"angle": 0, "axis": "y", "origin": [8, 0, 8]},
			"faces": {
				"north": {"uv": [0, 0, 0, 0.5], "texture": "#0"},
				"east": {"uv": [4.25, 3, 4.5, 3.25], "texture": "#0"},
				"south": {"uv": [0, 0, 0, 0.5], "texture": "#0"},
				"west": {"uv": [4.25, 3, 4.5, 3.25], "texture": "#0"},
				"up": {"uv": [0, 2, 0, 0], "texture": "#0"},
				"down": {"uv": [0, 0, 0, 2], "texture": "#0"}
			}
		},
		{
			"from": [8, -2, 4],
			"to": [8, 0, 5],
			"rotation": {"angle": 0, "axis": "y", "origin": [8, 0, 8]},
			"faces": {
				"north": {"uv": [0, 0, 0, 0.5], "texture": "#0"},
				"east": {"uv": [4, 3, 4.25, 3.5], "texture": "#0"},
				"south": {"uv": [0, 0, 0, 0.5], "texture": "#0"},
				"west": {"uv": [4, 3, 4.25, 3.5], "texture": "#0"},
				"up": {"uv": [0, 0, 0, 2], "texture": "#0"},
				"down": {"uv": [0, 2, 0, 0], "texture": "#0"}
			}
		},
		{
			"from": [8, -1, 5],
			"to": [8, 0, 6],
			"rotation": {"angle": 0, "axis": "y", "origin": [8, 0, 8]},
			"faces": {
				"north": {"uv": [0, 0, 0, 0.5], "texture": "#0"},
				"east": {"uv": [4.25, 3, 4.5, 3.25], "texture": "#0"},
				"south": {"uv": [0, 0, 0, 0.5], "texture": "#0"},
				"west": {"uv": [4.25, 3, 4.5, 3.25], "texture": "#0"},
				"up": {"uv": [0, 0, 0, 2], "texture": "#0"},
				"down": {"uv": [0, 2, 0, 0], "texture": "#0"}
			}
		},
		{
			"from": [11, -2, 8],
			"to": [12, 0, 8],
			"rotation": {"angle": 0, "axis": "y", "origin": [8, 0, 8]},
			"faces": {
				"north": {"uv": [4, 3, 4.25, 3.5], "texture": "#0"},
				"east": {"uv": [0, 0, 0, 0.5], "texture": "#0"},
				"south": {"uv": [4, 3, 4.25, 3.5], "texture": "#0"},
				"west": {"uv": [0, 0, 0, 0.5], "texture": "#0"},
				"up": {"uv": [0, 2, 0, 0], "rotation": 270, "texture": "#0"},
				"down": {"uv": [0, 0, 0, 2], "rotation": 90, "texture": "#0"}
			}
		},
		{
			"from": [10, -1, 8],
			"to": [11, 0, 8],
			"rotation": {"angle": 0, "axis": "y", "origin": [8, 0, 8]},
			"faces": {
				"north": {"uv": [4.25, 3, 4.5, 3.25], "texture": "#0"},
				"east": {"uv": [0, 0, 0, 0.5], "texture": "#0"},
				"south": {"uv": [4.25, 3, 4.5, 3.25], "texture": "#0"},
				"west": {"uv": [0, 0, 0, 0.5], "texture": "#0"},
				"up": {"uv": [0, 2, 0, 0], "rotation": 270, "texture": "#0"},
				"down": {"uv": [0, 0, 0, 2], "rotation": 90, "texture": "#0"}
			}
		},
		{
			"from": [4, -2, 8],
			"to": [5, 0, 8],
			"rotation": {"angle": 0, "axis": "y", "origin": [8, 0, 8]},
			"faces": {
				"north": {"uv": [4, 3, 4.25, 3.5], "texture": "#0"},
				"east": {"uv": [0, 0, 0, 0.5], "texture": "#0"},
				"south": {"uv": [4, 3, 4.25, 3.5], "texture": "#0"},
				"west": {"uv": [0, 0, 0, 0.5], "texture": "#0"},
				"up": {"uv": [0, 0, 0, 2], "rotation": 270, "texture": "#0"},
				"down": {"uv": [0, 2, 0, 0], "rotation": 90, "texture": "#0"}
			}
		},
		{
			"from": [5, -1, 8],
			"to": [6, 0, 8],
			"rotation": {"angle": 0, "axis": "y", "origin": [8, 0, 8]},
			"faces": {
				"north": {"uv": [4.25, 3, 4.5, 3.25], "texture": "#0"},
				"east": {"uv": [0, 0, 0, 0.5], "texture": "#0"},
				"south": {"uv": [4.25, 3, 4.5, 3.25], "texture": "#0"},
				"west": {"uv": [0, 0, 0, 0.5], "texture": "#0"},
				"up": {"uv": [0, 0, 0, 2], "rotation": 270, "texture": "#0"},
				"down": {"uv": [0, 2, 0, 0], "rotation": 90, "texture": "#0"}
			}
		},
		{
			"from": [1, 4, 1],
			"to": [15, 14, 15],
			"faces": {
				"north": {"uv": [0, 4.5, 3.5, 7], "texture": "#0"},
				"east": {"uv": [0, 4.5, 3.5, 7], "texture": "#0"},
				"south": {"uv": [0, 4.5, 3.5, 7], "texture": "#0"},
				"west": {"uv": [0, 4.5, 3.5, 7], "texture": "#0"},
				"up": {"uv": [3.5, 11.5, 0, 8], "texture": "#0"},
				"down": {"uv": [11.5, 0, 8, 3.5], "texture": "#0"}
			}
		},
		{
			"from": [12, 9, 0.5],
			"to": [13, 14, 0.5],
			"rotation": {"angle": 0, "axis": "y", "origin": [8, 0, 8]},
			"faces": {
				"north": {"uv": [4.5, 3, 4.75, 4.25], "texture": "#0"},
				"east": {"uv": [0, 4.5, 3.5, 7], "texture": "#0"},
				"south": {"uv": [0, 4.5, 3.5, 7], "texture": "#0"},
				"west": {"uv": [4.5, 3, 4.75, 4.25], "texture": "#0"},
				"up": {"uv": [3.5, 11.5, 0, 8], "texture": "#0"},
				"down": {"uv": [11.5, 0, 8, 3.5], "texture": "#0"}
			}
		},
		{
			"from": [9, 5, 0.5],
			"to": [10, 10, 0.5],
			"rotation": {"angle": 0, "axis": "y", "origin": [8, 0, 8]},
			"faces": {
				"north": {"uv": [5, 3.5, 5.25, 4.75], "texture": "#0"},
				"east": {"uv": [0, 4.5, 3.5, 7], "texture": "#0"},
				"south": {"uv": [0, 4.5, 3.5, 7], "texture": "#0"},
				"west": {"uv": [4.5, 3, 4.75, 4.25], "texture": "#0"},
				"up": {"uv": [3.5, 11.5, 0, 8], "texture": "#0"},
				"down": {"uv": [11.5, 0, 8, 3.5], "texture": "#0"}
			}
		},
		{
			"from": [10, 5, 15.5],
			"to": [11, 8, 15.5],
			"rotation": {"angle": 0, "axis": "y", "origin": [8, 0, 8]},
			"faces": {
				"north": {"uv": [0, 4.5, 3.5, 7], "texture": "#0"},
				"east": {"uv": [4.5, 3, 4.75, 4.25], "texture": "#0"},
				"south": {"uv": [5.75, 4, 6, 4.75], "texture": "#0"},
				"west": {"uv": [0, 4.5, 3.5, 7], "texture": "#0"},
				"up": {"uv": [3.5, 11.5, 0, 8], "rotation": 180, "texture": "#0"},
				"down": {"uv": [11.5, 0, 8, 3.5], "rotation": 180, "texture": "#0"}
			}
		},
		{
			"from": [11, 7, 15.5],
			"to": [12, 10, 15.5],
			"rotation": {"angle": 0, "axis": "y", "origin": [8, 0, 8]},
			"faces": {
				"north": {"uv": [0, 4.5, 3.5, 7], "texture": "#0"},
				"east": {"uv": [4.5, 3, 4.75, 4.25], "texture": "#0"},
				"south": {"uv": [6, 3.5, 6.25, 4.25], "texture": "#0"},
				"west": {"uv": [0, 4.5, 3.5, 7], "texture": "#0"},
				"up": {"uv": [3.5, 11.5, 0, 8], "rotation": 180, "texture": "#0"},
				"down": {"uv": [11.5, 0, 8, 3.5], "rotation": 180, "texture": "#0"}
			}
		},
		{
			"from": [7, 9, 15.5],
			"to": [11, 10, 15.5],
			"rotation": {"angle": 0, "axis": "y", "origin": [8, 0, 8]},
			"faces": {
				"north": {"uv": [0, 4.5, 3.5, 7], "texture": "#0"},
				"east": {"uv": [4.5, 3, 4.75, 4.25], "texture": "#0"},
				"south": {"uv": [5.25, 3.5, 6.25, 3.75], "texture": "#0"},
				"west": {"uv": [0, 4.5, 3.5, 7], "texture": "#0"},
				"up": {"uv": [3.5, 11.5, 0, 8], "rotation": 180, "texture": "#0"},
				"down": {"uv": [11.5, 0, 8, 3.5], "rotation": 180, "texture": "#0"}
			}
		},
		{
			"from": [7, 10, 15.5],
			"to": [8, 12, 15.5],
			"rotation": {"angle": 0, "axis": "y", "origin": [8, 0, 8]},
			"faces": {
				"north": {"uv": [0, 4.5, 3.5, 7], "texture": "#0"},
				"east": {"uv": [4.5, 3, 4.75, 4.25], "texture": "#0"},
				"south": {"uv": [5.25, 3, 5.5, 3.5], "texture": "#0"},
				"west": {"uv": [0, 4.5, 3.5, 7], "texture": "#0"},
				"up": {"uv": [3.5, 11.5, 0, 8], "rotation": 180, "texture": "#0"},
				"down": {"uv": [11.5, 0, 8, 3.5], "rotation": 180, "texture": "#0"}
			}
		},
		{
			"from": [6, 9, 15.5],
			"to": [7, 12, 15.5],
			"rotation": {"angle": 0, "axis": "y", "origin": [8, 0, 8]},
			"faces": {
				"north": {"uv": [0, 4.5, 3.5, 7], "texture": "#0"},
				"east": {"uv": [4.5, 3, 4.75, 4.25], "texture": "#0"},
				"south": {"uv": [6.25, 3, 6.5, 3.75], "texture": "#0"},
				"west": {"uv": [0, 4.5, 3.5, 7], "texture": "#0"},
				"up": {"uv": [3.5, 11.5, 0, 8], "rotation": 180, "texture": "#0"},
				"down": {"uv": [11.5, 0, 8, 3.5], "rotation": 180, "texture": "#0"}
			}
		},
		{
			"from": [9, 5, 15.5],
			"to": [10, 8, 15.5],
			"rotation": {"angle": 0, "axis": "y", "origin": [8, 0, 8]},
			"faces": {
				"north": {"uv": [0, 4.5, 3.5, 7], "texture": "#0"},
				"east": {"uv": [4.5, 3, 4.75, 4.25], "texture": "#0"},
				"south": {"uv": [6.25, 4, 6.5, 4.75], "texture": "#0"},
				"west": {"uv": [0, 4.5, 3.5, 7], "texture": "#0"},
				"up": {"uv": [3.5, 11.5, 0, 8], "rotation": 180, "texture": "#0"},
				"down": {"uv": [11.5, 0, 8, 3.5], "rotation": 180, "texture": "#0"}
			}
		},
		{
			"from": [6, 8, 15.5],
			"to": [10, 9, 15.5],
			"rotation": {"angle": 0, "axis": "y", "origin": [8, 0, 8]},
			"faces": {
				"north": {"uv": [0, 4.5, 3.5, 7], "texture": "#0"},
				"east": {"uv": [4.5, 3, 4.75, 4.25], "texture": "#0"},
				"south": {"uv": [6.25, 3.5, 7.25, 3.75], "texture": "#0"},
				"west": {"uv": [0, 4.5, 3.5, 7], "texture": "#0"},
				"up": {"uv": [3.5, 11.5, 0, 8], "rotation": 180, "texture": "#0"},
				"down": {"uv": [11.5, 0, 8, 3.5], "rotation": 180, "texture": "#0"}
			}
		},
		{
			"from": [6, 12, 15.5],
			"to": [8, 14, 15.5],
			"rotation": {"angle": 0, "axis": "y", "origin": [8, 0, 8]},
			"faces": {
				"north": {"uv": [0, 4.5, 3.5, 7], "texture": "#0"},
				"east": {"uv": [4.5, 3, 4.75, 4.25], "texture": "#0"},
				"south": {"uv": [7.5, 3, 8, 3.5], "texture": "#0"},
				"west": {"uv": [0, 4.5, 3.5, 7], "texture": "#0"},
				"up": {"uv": [3.5, 11.5, 0, 8], "rotation": 180, "texture": "#0"},
				"down": {"uv": [11.5, 0, 8, 3.5], "rotation": 180, "texture": "#0"}
			}
		},
		{
			"from": [9, 4, 15.5],
			"to": [11, 5, 15.5],
			"rotation": {"angle": 0, "axis": "y", "origin": [8, 0, 8]},
			"faces": {
				"north": {"uv": [0, 4.5, 3.5, 7], "texture": "#0"},
				"east": {"uv": [4.5, 3, 4.75, 4.25], "texture": "#0"},
				"south": {"uv": [7.5, 3.5, 8, 3.75], "texture": "#0"},
				"west": {"uv": [0, 4.5, 3.5, 7], "texture": "#0"},
				"up": {"uv": [3.5, 11.5, 0, 8], "rotation": 180, "texture": "#0"},
				"down": {"uv": [11.5, 0, 8, 3.5], "rotation": 180, "texture": "#0"}
			}
		},
		{
			"from": [10, 9, 0.5],
			"to": [11, 12, 0.5],
			"rotation": {"angle": 0, "axis": "y", "origin": [8, 0, 8]},
			"faces": {
				"north": {"uv": [4.75, 3, 5, 3.75], "texture": "#0"},
				"east": {"uv": [0, 4.5, 3.5, 7], "texture": "#0"},
				"south": {"uv": [0, 4.5, 3.5, 7], "texture": "#0"},
				"west": {"uv": [4.5, 3, 4.75, 4.25], "texture": "#0"},
				"up": {"uv": [3.5, 11.5, 0, 8], "texture": "#0"},
				"down": {"uv": [11.5, 0, 8, 3.5], "texture": "#0"}
			}
		},
		{
			"from": [9, 12, 0.5],
			"to": [11, 14, 0.5],
			"rotation": {"angle": 0, "axis": "y", "origin": [8, 0, 8]},
			"faces": {
				"north": {"uv": [7.5, 3, 8, 3.5], "texture": "#0"},
				"east": {"uv": [0, 4.5, 3.5, 7], "texture": "#0"},
				"south": {"uv": [0, 4.5, 3.5, 7], "texture": "#0"},
				"west": {"uv": [4.5, 3, 4.75, 4.25], "texture": "#0"},
				"up": {"uv": [3.5, 11.5, 0, 8], "texture": "#0"},
				"down": {"uv": [11.5, 0, 8, 3.5], "texture": "#0"}
			}
		},
		{
			"from": [13, 6, 0.5],
			"to": [14, 10, 0.5],
			"rotation": {"angle": 0, "axis": "y", "origin": [8, 0, 8]},
			"faces": {
				"north": {"uv": [4.25, 4, 4.5, 5], "texture": "#0"},
				"east": {"uv": [0, 4.5, 3.5, 7], "texture": "#0"},
				"south": {"uv": [0, 4.5, 3.5, 7], "texture": "#0"},
				"west": {"uv": [4.5, 3, 4.75, 4.25], "texture": "#0"},
				"up": {"uv": [3.5, 11.5, 0, 8], "texture": "#0"},
				"down": {"uv": [11.5, 0, 8, 3.5], "texture": "#0"}
			}
		},
		{
			"from": [10, 6, 0.5],
			"to": [13, 7, 0.5],
			"rotation": {"angle": 0, "axis": "y", "origin": [8, 0, 8]},
			"faces": {
				"north": {"uv": [4.5, 4.75, 5.25, 5], "texture": "#0"},
				"east": {"uv": [0, 4.5, 3.5, 7], "texture": "#0"},
				"south": {"uv": [0, 4.5, 3.5, 7], "texture": "#0"},
				"west": {"uv": [4.5, 3, 4.75, 4.25], "texture": "#0"},
				"up": {"uv": [3.5, 11.5, 0, 8], "texture": "#0"},
				"down": {"uv": [11.5, 0, 8, 3.5], "texture": "#0"}
			}
		},
		{
			"from": [10, 5, 0.5],
			"to": [11, 6, 0.5],
			"rotation": {"angle": 0, "axis": "y", "origin": [8, 0, 8]},
			"faces": {
				"north": {"uv": [5, 5, 5.25, 5.25], "texture": "#0"},
				"east": {"uv": [0, 4.5, 3.5, 7], "texture": "#0"},
				"south": {"uv": [0, 4.5, 3.5, 7], "texture": "#0"},
				"west": {"uv": [4.5, 3, 4.75, 4.25], "texture": "#0"},
				"up": {"uv": [3.5, 11.5, 0, 8], "texture": "#0"},
				"down": {"uv": [11.5, 0, 8, 3.5], "texture": "#0"}
			}
		},
		{
			"from": [9, 4, 0.5],
			"to": [11, 5, 0.5],
			"rotation": {"angle": 0, "axis": "y", "origin": [8, 0, 8]},
			"faces": {
				"north": {"uv": [7.5, 3.5, 8, 3.75], "texture": "#0"},
				"east": {"uv": [0, 4.5, 3.5, 7], "texture": "#0"},
				"south": {"uv": [0, 4.5, 3.5, 7], "texture": "#0"},
				"west": {"uv": [4.5, 3, 4.75, 4.25], "texture": "#0"},
				"up": {"uv": [3.5, 11.5, 0, 8], "texture": "#0"},
				"down": {"uv": [11.5, 0, 8, 3.5], "texture": "#0"}
			}
		},
		{
			"from": [0.5, 12, 5],
			"to": [0.5, 14, 7],
			"rotation": {"angle": 0, "axis": "y", "origin": [8, 0, 8]},
			"faces": {
				"north": {"uv": [0, 4.5, 3.5, 7], "texture": "#0"},
				"east": {"uv": [0, 4.5, 3.5, 7], "texture": "#0"},
				"south": {"uv": [4.5, 3, 4.75, 4.25], "texture": "#0"},
				"west": {"uv": [7.5, 3, 8, 3.5], "texture": "#0"},
				"up": {"uv": [3.5, 11.5, 0, 8], "rotation": 270, "texture": "#0"},
				"down": {"uv": [11.5, 0, 8, 3.5], "rotation": 90, "texture": "#0"}
			}
		},
		{
			"from": [0.5, 9, 5],
			"to": [0.5, 12, 6],
			"rotation": {"angle": 0, "axis": "y", "origin": [8, 0, 8]},
			"faces": {
				"north": {"uv": [0, 4.5, 3.5, 7], "texture": "#0"},
				"east": {"uv": [0, 4.5, 3.5, 7], "texture": "#0"},
				"south": {"uv": [4.5, 3, 4.75, 4.25], "texture": "#0"},
				"west": {"uv": [6.25, 3, 6.5, 3.75], "texture": "#0"},
				"up": {"uv": [3.5, 11.5, 0, 8], "rotation": 270, "texture": "#0"},
				"down": {"uv": [11.5, 0, 8, 3.5], "rotation": 90, "texture": "#0"}
			}
		},
		{
			"from": [0.5, 8, 5],
			"to": [0.5, 9, 9],
			"rotation": {"angle": 0, "axis": "y", "origin": [8, 0, 8]},
			"faces": {
				"north": {"uv": [0, 4.5, 3.5, 7], "texture": "#0"},
				"east": {"uv": [0, 4.5, 3.5, 7], "texture": "#0"},
				"south": {"uv": [4.5, 3, 4.75, 4.25], "texture": "#0"},
				"west": {"uv": [6.25, 3.5, 7.25, 3.75], "texture": "#0"},
				"up": {"uv": [3.5, 11.5, 0, 8], "rotation": 270, "texture": "#0"},
				"down": {"uv": [11.5, 0, 8, 3.5], "rotation": 90, "texture": "#0"}
			}
		},
		{
			"from": [15.5, 9, 5],
			"to": [15.5, 10, 9],
			"rotation": {"angle": 0, "axis": "y", "origin": [8, 0, 8]},
			"faces": {
				"north": {"uv": [3.5, 4.5, 0, 7], "texture": "#0"},
				"east": {"uv": [6.25, 3.5, 5.25, 3.75], "texture": "#0"},
				"south": {"uv": [4.75, 3, 4.5, 4.25], "texture": "#0"},
				"west": {"uv": [3.5, 4.5, 0, 7], "texture": "#0"},
				"up": {"uv": [3.5, 8, 0, 11.5], "rotation": 270, "texture": "#0"},
				"down": {"uv": [11.5, 3.5, 8, 0], "rotation": 90, "texture": "#0"}
			}
		},
		{
			"from": [15.5, 10, 5],
			"to": [15.5, 12, 6],
			"rotation": {"angle": 0, "axis": "y", "origin": [8, 0, 8]},
			"faces": {
				"north": {"uv": [3.5, 4.5, 0, 7], "texture": "#0"},
				"east": {"uv": [5.5, 3, 5.25, 3.5], "texture": "#0"},
				"south": {"uv": [4.75, 3, 4.5, 4.25], "texture": "#0"},
				"west": {"uv": [3.5, 4.5, 0, 7], "texture": "#0"},
				"up": {"uv": [3.5, 8, 0, 11.5], "rotation": 270, "texture": "#0"},
				"down": {"uv": [11.5, 3.5, 8, 0], "rotation": 90, "texture": "#0"}
			}
		},
		{
			"from": [15.5, 7, 9],
			"to": [15.5, 10, 10],
			"rotation": {"angle": 0, "axis": "y", "origin": [8, 0, 8]},
			"faces": {
				"north": {"uv": [3.5, 4.5, 0, 7], "texture": "#0"},
				"east": {"uv": [6.25, 3.5, 6, 4.25], "texture": "#0"},
				"south": {"uv": [4.75, 3, 4.5, 4.25], "texture": "#0"},
				"west": {"uv": [3.5, 4.5, 0, 7], "texture": "#0"},
				"up": {"uv": [3.5, 8, 0, 11.5], "rotation": 270, "texture": "#0"},
				"down": {"uv": [11.5, 3.5, 8, 0], "rotation": 90, "texture": "#0"}
			}
		},
		{
			"from": [0.5, 5, 8],
			"to": [0.5, 8, 9],
			"rotation": {"angle": 0, "axis": "y", "origin": [8, 0, 8]},
			"faces": {
				"north": {"uv": [0, 4.5, 3.5, 7], "texture": "#0"},
				"east": {"uv": [0, 4.5, 3.5, 7], "texture": "#0"},
				"south": {"uv": [4.5, 3, 4.75, 4.25], "texture": "#0"},
				"west": {"uv": [6.25, 4, 6.5, 4.75], "texture": "#0"},
				"up": {"uv": [3.5, 11.5, 0, 8], "rotation": 270, "texture": "#0"},
				"down": {"uv": [11.5, 0, 8, 3.5], "rotation": 90, "texture": "#0"}
			}
		},
		{
			"from": [15.5, 5, 8],
			"to": [15.5, 8, 9],
			"rotation": {"angle": 0, "axis": "y", "origin": [8, 0, 8]},
			"faces": {
				"north": {"uv": [3.5, 4.5, 0, 7], "texture": "#0"},
				"east": {"uv": [6, 4, 5.75, 4.75], "texture": "#0"},
				"south": {"uv": [4.75, 3, 4.5, 4.25], "texture": "#0"},
				"west": {"uv": [3.5, 4.5, 0, 7], "texture": "#0"},
				"up": {"uv": [3.5, 8, 0, 11.5], "rotation": 270, "texture": "#0"},
				"down": {"uv": [11.5, 3.5, 8, 0], "rotation": 90, "texture": "#0"}
			}
		},
		{
			"from": [0.5, 4, 8],
			"to": [0.5, 5, 10],
			"rotation": {"angle": 0, "axis": "y", "origin": [8, 0, 8]},
			"faces": {
				"north": {"uv": [0, 4.5, 3.5, 7], "texture": "#0"},
				"east": {"uv": [0, 4.5, 3.5, 7], "texture": "#0"},
				"south": {"uv": [4.5, 3, 4.75, 4.25], "texture": "#0"},
				"west": {"uv": [7.5, 3.5, 8, 3.75], "texture": "#0"},
				"up": {"uv": [3.5, 11.5, 0, 8], "rotation": 270, "texture": "#0"},
				"down": {"uv": [11.5, 0, 8, 3.5], "rotation": 90, "texture": "#0"}
			}
		},
		{
			"from": [0.5, 5, 9],
			"to": [0.5, 10, 10],
			"rotation": {"angle": 0, "axis": "y", "origin": [8, 0, 8]},
			"faces": {
				"north": {"uv": [4.75, 3, 4.5, 4.25], "texture": "#0"},
				"east": {"uv": [3.5, 4.5, 0, 7], "texture": "#0"},
				"south": {"uv": [3.5, 4.5, 0, 7], "texture": "#0"},
				"west": {"uv": [5.25, 3.5, 5, 4.75], "texture": "#0"},
				"up": {"uv": [3.5, 8, 0, 11.5], "rotation": 90, "texture": "#0"},
				"down": {"uv": [11.5, 3.5, 8, 0], "rotation": 270, "texture": "#0"}
			}
		},
		{
			"from": [15.5, 5, 9],
			"to": [15.5, 6, 10],
			"rotation": {"angle": 0, "axis": "y", "origin": [8, 0, 8]},
			"faces": {
				"north": {"uv": [4.5, 3, 4.75, 4.25], "texture": "#0"},
				"east": {"uv": [5, 5, 5.25, 5.25], "texture": "#0"},
				"south": {"uv": [0, 4.5, 3.5, 7], "texture": "#0"},
				"west": {"uv": [0, 4.5, 3.5, 7], "texture": "#0"},
				"up": {"uv": [3.5, 11.5, 0, 8], "rotation": 90, "texture": "#0"},
				"down": {"uv": [11.5, 0, 8, 3.5], "rotation": 270, "texture": "#0"}
			}
		},
		{
			"from": [15.5, 6, 9],
			"to": [15.5, 7, 12],
			"rotation": {"angle": 0, "axis": "y", "origin": [8, 0, 8]},
			"faces": {
				"north": {"uv": [4.5, 3, 4.75, 4.25], "texture": "#0"},
				"east": {"uv": [4.5, 4.75, 5.25, 5], "texture": "#0"},
				"south": {"uv": [0, 4.5, 3.5, 7], "texture": "#0"},
				"west": {"uv": [0, 4.5, 3.5, 7], "texture": "#0"},
				"up": {"uv": [3.5, 11.5, 0, 8], "rotation": 90, "texture": "#0"},
				"down": {"uv": [11.5, 0, 8, 3.5], "rotation": 270, "texture": "#0"}
			}
		},
		{
			"from": [15.5, 4, 8],
			"to": [15.5, 5, 10],
			"rotation": {"angle": 0, "axis": "y", "origin": [8, 0, 8]},
			"faces": {
				"north": {"uv": [4.5, 3, 4.75, 4.25], "texture": "#0"},
				"east": {"uv": [7.5, 3.5, 8, 3.75], "texture": "#0"},
				"south": {"uv": [0, 4.5, 3.5, 7], "texture": "#0"},
				"west": {"uv": [0, 4.5, 3.5, 7], "texture": "#0"},
				"up": {"uv": [3.5, 11.5, 0, 8], "rotation": 90, "texture": "#0"},
				"down": {"uv": [11.5, 0, 8, 3.5], "rotation": 270, "texture": "#0"}
			}
		},
		{
			"from": [0.5, 11, 10],
			"to": [0.5, 14, 11],
			"rotation": {"angle": 0, "axis": "y", "origin": [8, 0, 8]},
			"faces": {
				"north": {"uv": [4.75, 3, 4.5, 4.25], "texture": "#0"},
				"east": {"uv": [3.5, 4.5, 0, 7], "texture": "#0"},
				"south": {"uv": [3.5, 4.5, 0, 7], "texture": "#0"},
				"west": {"uv": [5, 3, 4.75, 3.75], "texture": "#0"},
				"up": {"uv": [3.5, 8, 0, 11.5], "rotation": 90, "texture": "#0"},
				"down": {"uv": [11.5, 3.5, 8, 0], "rotation": 270, "texture": "#0"}
			}
		},
		{
			"from": [0.5, 9, 10],
			"to": [0.5, 11, 11],
			"rotation": {"angle": 0, "axis": "y", "origin": [8, 0, 8]},
			"faces": {
				"north": {"uv": [4.75, 3, 4.5, 4.25], "texture": "#0"},
				"east": {"uv": [3.5, 4.5, 0, 7], "texture": "#0"},
				"south": {"uv": [3.5, 4.5, 0, 7], "texture": "#0"},
				"west": {"uv": [5, 3.25, 4.75, 3.75], "texture": "#0"},
				"up": {"uv": [3.5, 8, 0, 11.5], "rotation": 90, "texture": "#0"},
				"down": {"uv": [11.5, 3.5, 8, 0], "rotation": 270, "texture": "#0"}
			}
		},
		{
			"from": [15.5, 12, 5],
			"to": [15.5, 14, 7],
			"rotation": {"angle": 0, "axis": "y", "origin": [8, 0, 8]},
			"faces": {
				"north": {"uv": [4.5, 3, 4.75, 4.25], "texture": "#0"},
				"east": {"uv": [7.5, 3, 8, 3.5], "texture": "#0"},
				"south": {"uv": [0, 4.5, 3.5, 7], "texture": "#0"},
				"west": {"uv": [0, 4.5, 3.5, 7], "texture": "#0"},
				"up": {"uv": [3.5, 11.5, 0, 8], "rotation": 90, "texture": "#0"},
				"down": {"uv": [11.5, 0, 8, 3.5], "rotation": 270, "texture": "#0"}
			}
		},
		{
			"from": [15.5, 9, 11],
			"to": [15.5, 14, 12],
			"rotation": {"angle": 0, "axis": "y", "origin": [8, 0, 8]},
			"faces": {
				"north": {"uv": [4.5, 3, 4.75, 4.25], "texture": "#0"},
				"east": {"uv": [4.5, 3, 4.75, 4.25], "texture": "#0"},
				"south": {"uv": [0, 4.5, 3.5, 7], "texture": "#0"},
				"west": {"uv": [0, 4.5, 3.5, 7], "texture": "#0"},
				"up": {"uv": [3.5, 11.5, 0, 8], "rotation": 90, "texture": "#0"},
				"down": {"uv": [11.5, 0, 8, 3.5], "rotation": 270, "texture": "#0"}
			}
		},
		{
			"from": [15.5, 6, 12],
			"to": [15.5, 10, 13],
			"rotation": {"angle": 0, "axis": "y", "origin": [8, 0, 8]},
			"faces": {
				"north": {"uv": [4.5, 3, 4.75, 4.25], "texture": "#0"},
				"east": {"uv": [4.25, 4, 4.5, 5], "texture": "#0"},
				"south": {"uv": [0, 4.5, 3.5, 7], "texture": "#0"},
				"west": {"uv": [0, 4.5, 3.5, 7], "texture": "#0"},
				"up": {"uv": [3.5, 11.5, 0, 8], "rotation": 90, "texture": "#0"},
				"down": {"uv": [11.5, 0, 8, 3.5], "rotation": 270, "texture": "#0"}
			}
		}
	],
	"display": {
		"thirdperson_righthand": {
			"rotation": [75, 45, 0],
			"translation": [0, 2.5, 0],
			"scale": [0.375, 0.375, 0.375]
		},
		"thirdperson_lefthand": {
			"rotation": [75, 45, 0],
			"translation": [0, 2.5, 0],
			"scale": [0.375, 0.375, 0.375]
		},
		"firstperson_righthand": {
			"rotation": [0, 45, 0],
			"scale": [0.4, 0.4, 0.4]
		},
		"firstperson_lefthand": {
			"rotation": [0, 225, 0],
			"scale": [0.4, 0.4, 0.4]
		},
		"ground": {
			"translation": [0, 3, 0],
			"scale": [0.25, 0.25, 0.25]
		},
		"gui": {
			"rotation": [30, 225, 0],
			"scale": [0.625, 0.625, 0.625]
		},
		"head": {
			"rotation": [90, 0, 0],
			"translation": [0, 0, -0.5]
		},
		"fixed": {
			"scale": [0.5, 0.5, 0.5]
		}
	}
}