{
	"credit": "Made with Blockbench",
	"textures": {
		"0": "create_new_age:block/reactor/reactor_base",
		"1": "create_new_age:block/reactor/rod_off",
		"particle": "create_new_age:block/reactor/reactor_base"
	},
	"elements": [
		{
			"from": [4, 0, 4],
			"to": [12, 2, 12],
			"rotation": {"angle": 0, "axis": "y", "origin": [8, 0, 8]},
			"faces": {
				"north": {"uv": [8, 0, 4, 1], "texture": "#0"},
				"east": {"uv": [8, 0, 4, 1], "texture": "#0"},
				"south": {"uv": [8, 0, 4, 1], "texture": "#0"},
				"west": {"uv": [8, 0, 4, 1], "texture": "#0"},
				"up": {"uv": [4, 4, 0, 0], "texture": "#0"},
				"down": {"uv": [4, 4, 0, 8], "texture": "#0"}
			}
		},
		{
			"from": [4, 14, 4],
			"to": [12, 16, 12],
			"rotation": {"angle": 0, "axis": "y", "origin": [8, 0, 8]},
			"faces": {
				"north": {"uv": [4, 1, 8, 0], "texture": "#0"},
				"east": {"uv": [4, 1, 8, 0], "texture": "#0"},
				"south": {"uv": [4, 1, 8, 0], "texture": "#0"},
				"west": {"uv": [4, 1, 8, 0], "texture": "#0"},
				"up": {"uv": [4, 8, 0, 4], "texture": "#0"},
				"down": {"uv": [4, 0, 0, 4], "texture": "#0"}
			}
		},
		{
			"from": [5.5, 2, 5.5],
			"to": [10.5, 14, 10.5],
			"rotation": {"angle": 0, "axis": "y", "origin": [8, 0, 8]},
			"faces": {
				"north": {"uv": [5, 0, 0, 12], "texture": "#1"},
				"east": {"uv": [0, 0, 5, 12], "texture": "#1"},
				"south": {"uv": [5, 0, 0, 12], "texture": "#1"},
				"west": {"uv": [0, 0, 5, 12], "texture": "#1"},
				"up": {"uv": [5, 8.5, 2.5, 6], "texture": "#missing"},
				"down": {"uv": [7.5, 6, 5, 8.5], "texture": "#missing"}
			}
		}
	],
	"display": {
		"thirdperson_righthand": {
			"rotation": [75, 45, 0],
			"translation": [0, 0.75, 0.75],
			"scale": [0.375, 0.375, 0.375]
		},
		"thirdperson_lefthand": {
			"rotation": [75, 45, 0],
			"translation": [0, 0.75, 0.75],
			"scale": [0.375, 0.375, 0.375]
		},
		"firstperson_righthand": {
			"rotation": [0, 45, 0],
			"scale": [0.4, 0.4, 0.4]
		},
		"firstperson_lefthand": {
			"rotation": [0, 225, 0],
			"scale": [0.4, 0.4, 0.4]
		},
		"ground": {
			"translation": [0, 3, 0],
			"scale": [0.25, 0.25, 0.25]
		},
		"gui": {
			"rotation": [30, 225, 0],
			"scale": [0.625, 0.625, 0.625]
		},
		"fixed": {
			"scale": [0.5, 0.5, 0.5]
		}
	},
	"groups": [
		{
			"name": "rod_off",
			"origin": [8, 8, 8],
			"color": 0,
			"children": [0, 1, 2]
		}
	]
}