{
	"credit": "Made with Blockbench",
	"texture_size": [64, 64],
	"textures": {
		"1": "create_new_age:block/motor_base",
		"2": "create_new_age:block/t1"
	},
	"elements": [
		{
			"name": "Back",
			"from": [3, 3, 1],
			"to": [13, 13, 3],
			"rotation": {"angle": 0, "axis": "y", "origin": [8, 0, 9]},
			"faces": {
				"north": {"uv": [0.5, 6.75, 3, 9.25], "texture": "#1"},
				"east": {"uv": [0, 8.75, 0.5, 11.25], "texture": "#1"},
				"south": {"uv": [0.5, 6.75, 3, 9.25], "texture": "#1"},
				"west": {"uv": [0, 8.75, 0.5, 11.25], "texture": "#1"},
				"up": {"uv": [5, 6.75, 2.5, 6.25], "texture": "#1"},
				"down": {"uv": [5, 6.25, 2.5, 6.75], "texture": "#1"}
			}
		},
		{
			"name": "Between Rims",
			"from": [5, 5, 2],
			"to": [11, 11, 6],
			"rotation": {"angle": 0, "axis": "y", "origin": [8, 0, 9]},
			"faces": {
				"east": {"uv": [4, 6.75, 5, 8.25], "texture": "#1"},
				"west": {"uv": [4, 6.75, 5, 8.25], "texture": "#1"},
				"up": {"uv": [5, 8.25, 4, 6.75], "rotation": 90, "texture": "#1"},
				"down": {"uv": [4, 8.25, 5, 6.75], "rotation": 90, "texture": "#1"}
			}
		},
		{
			"name": "Between Rims",
			"from": [5, 5, -1],
			"to": [11, 11, 1],
			"rotation": {"angle": 0, "axis": "y", "origin": [8, 0, 9]},
			"faces": {
				"north": {"uv": [0.5, 9.25, 2, 10.75], "texture": "#1"},
				"east": {"uv": [2, 10.75, 2.5, 9.25], "texture": "#1"},
				"west": {"uv": [2, 9.25, 2.5, 10.75], "texture": "#1"},
				"up": {"uv": [2.5, 10.75, 2, 9.25], "rotation": 90, "texture": "#1"},
				"down": {"uv": [2, 9.25, 2.5, 10.75], "rotation": 90, "texture": "#1"}
			}
		},
		{
			"name": "Between Rims",
			"from": [3.5, 12.5, 12],
			"to": [12.5, 12.5, 16],
			"rotation": {"angle": 0, "axis": "y", "origin": [8, 0, 9]},
			"faces": {
				"north": {"uv": [0, 6.25, 2.25, 6.25], "texture": "#1"},
				"east": {"uv": [0, 6.25, 1, 6.25], "texture": "#1"},
				"south": {"uv": [0, 6.25, 2.25, 6.25], "texture": "#1"},
				"west": {"uv": [0, 6.25, 1, 6.25], "texture": "#1"},
				"up": {"uv": [4, 9, 3, 6.75], "rotation": 90, "texture": "#1"}
			}
		},
		{
			"name": "Between Rims",
			"from": [3.5, 3.5, 12],
			"to": [12.5, 3.5, 16],
			"rotation": {"angle": 0, "axis": "y", "origin": [8, 0, 9]},
			"faces": {
				"north": {"uv": [0, 6.25, 2.25, 6.25], "texture": "#1"},
				"east": {"uv": [0, 6.25, 1, 6.25], "texture": "#1"},
				"south": {"uv": [0, 6.25, 2.25, 6.25], "texture": "#1"},
				"west": {"uv": [0, 6.25, 1, 6.25], "texture": "#1"},
				"up": {"uv": [4, 9, 3, 6.75], "rotation": 90, "texture": "#1"},
				"down": {"uv": [3, 9, 4, 6.75], "rotation": 90, "texture": "#1"}
			}
		},
		{
			"name": "Between Rims",
			"from": [3.5, 3.5, 12],
			"to": [3.5, 12.5, 16],
			"rotation": {"angle": 0, "axis": "y", "origin": [8, 0, 9]},
			"faces": {
				"north": {"uv": [0, 6.25, 0, 8.5], "texture": "#1"},
				"east": {"uv": [3, 6.75, 4, 9], "texture": "#1"},
				"south": {"uv": [0, 6.25, 0, 8.5], "texture": "#1"},
				"west": {"uv": [4, 6.75, 3, 9], "texture": "#1"},
				"up": {"uv": [0, 7.25, 0, 6.25], "texture": "#1"},
				"down": {"uv": [0, 6.25, 0, 7.25], "texture": "#1"}
			}
		},
		{
			"name": "Between Rims",
			"from": [12.5, 3.5, 12],
			"to": [12.5, 12.5, 16],
			"rotation": {"angle": 0, "axis": "y", "origin": [8, 0, 9]},
			"faces": {
				"north": {"uv": [0, 6.25, 0, 8.5], "texture": "#1"},
				"east": {"uv": [3, 6.75, 4, 9], "texture": "#1"},
				"south": {"uv": [0, 6.25, 0, 8.5], "texture": "#1"},
				"west": {"uv": [3, 6.75, 4, 9], "texture": "#1"},
				"up": {"uv": [0, 7.25, 0, 6.25], "texture": "#1"},
				"down": {"uv": [0, 6.25, 0, 7.25], "texture": "#1"}
			}
		},
		{
			"name": "Body",
			"from": [4, 4, 4],
			"to": [12, 12, 16],
			"rotation": {"angle": 0, "axis": "y", "origin": [8, 0, 9]},
			"faces": {
				"north": {"uv": [6.25, 6.25, 8.25, 8.25], "texture": "#1"},
				"east": {"uv": [5, 6.25, 8, 8.25], "texture": "#1"},
				"south": {"uv": [0, 13.25, 2, 15.25], "texture": "#1"},
				"west": {"uv": [8, 6.25, 5, 8.25], "texture": "#1"},
				"up": {"uv": [8, 8.25, 5, 6.25], "rotation": 90, "texture": "#1"},
				"down": {"uv": [5, 8.25, 8, 6.25], "rotation": 90, "texture": "#1"}
			}
		},
		{
			"from": [1, 0, 11],
			"to": [15, 3, 15],
			"rotation": {"angle": 0, "axis": "y", "origin": [8, 0, 9]},
			"faces": {
				"north": {"uv": [1, 4.5, 4.5, 5.25], "texture": "#1"},
				"east": {"uv": [2.5, 3, 3.5, 3.75], "texture": "#1"},
				"south": {"uv": [1, 4.5, 4.5, 5.25], "texture": "#1"},
				"west": {"uv": [2.5, 3, 3.5, 3.75], "texture": "#1"},
				"up": {"uv": [4.5, 6.25, 1, 5.25], "texture": "#1"},
				"down": {"uv": [4.5, 5.25, 1, 6.25], "texture": "#1"}
			}
		},
		{
			"from": [1, 0, 2],
			"to": [15, 3, 6],
			"rotation": {"angle": 0, "axis": "y", "origin": [8, 0, 9]},
			"faces": {
				"north": {"uv": [1, 4.5, 4.5, 5.25], "texture": "#1"},
				"east": {"uv": [2.5, 3, 3.5, 3.75], "texture": "#1"},
				"south": {"uv": [1, 4.5, 4.5, 5.25], "texture": "#1"},
				"west": {"uv": [2.5, 3, 3.5, 3.75], "texture": "#1"},
				"up": {"uv": [4.5, 6.25, 1, 5.25], "texture": "#1"},
				"down": {"uv": [4.5, 5.25, 1, 6.25], "texture": "#1"}
			}
		},
		{
			"from": [5, 7, 6],
			"to": [11, 13, 12],
			"rotation": {"angle": 0, "axis": "y", "origin": [8, 0, 9]},
			"faces": {
				"north": {"uv": [0, 0, 0.25, 1.5], "texture": "#1"},
				"east": {"uv": [0, 0, 0.25, 1.5], "texture": "#1"},
				"south": {"uv": [0, 0, 0.25, 1.5], "texture": "#1"},
				"west": {"uv": [0, 0, 0.25, 1.5], "texture": "#1"},
				"up": {"uv": [1.5, 1.5, 0, 0], "texture": "#1"},
				"down": {"uv": [11.5, 0.5, 10, 2], "texture": "#1"}
			}
		},
		{
			"from": [10, 13.5, 8],
			"to": [12, 13.5, 10],
			"rotation": {"angle": 0, "axis": "y", "origin": [8, 0, 9]},
			"faces": {
				"north": {"uv": [0, 6.25, 0.5, 6.25], "texture": "#1"},
				"east": {"uv": [0, 6.25, 0.5, 6.25], "texture": "#1"},
				"south": {"uv": [0, 6.25, 0.5, 6.25], "texture": "#1"},
				"west": {"uv": [0, 6.25, 0.5, 6.25], "texture": "#1"},
				"up": {"uv": [6, 0, 4, 2], "rotation": 180, "texture": "#2"},
				"down": {"uv": [6, 0, 4, 2], "rotation": 180, "texture": "#2"}
			}
		},
		{
			"from": [4, 13.5, 8],
			"to": [6, 13.5, 10],
			"rotation": {"angle": 0, "axis": "y", "origin": [8, 0, 9]},
			"faces": {
				"north": {"uv": [0, 6.25, 0.5, 6.25], "texture": "#1"},
				"east": {"uv": [0, 6.25, 0.5, 6.25], "texture": "#1"},
				"south": {"uv": [0, 6.25, 0.5, 6.25], "texture": "#1"},
				"west": {"uv": [0, 6.25, 0.5, 6.25], "texture": "#1"},
				"up": {"uv": [6, 0, 4, 2], "rotation": 180, "texture": "#2"},
				"down": {"uv": [6, 0, 4, 2], "rotation": 180, "texture": "#2"}
			}
		},
		{
			"from": [6, 13.5, 7],
			"to": [10, 13.5, 11],
			"rotation": {"angle": 0, "axis": "y", "origin": [8, 0, 9]},
			"faces": {
				"north": {"uv": [0, 6.25, 1, 6.25], "texture": "#1"},
				"east": {"uv": [0, 6.25, 1, 6.25], "texture": "#1"},
				"south": {"uv": [0, 6.25, 1, 6.25], "texture": "#1"},
				"west": {"uv": [0, 6.25, 1, 6.25], "texture": "#1"},
				"up": {"uv": [4, 4, 0, 0], "rotation": 180, "texture": "#2"},
				"down": {"uv": [4, 0, 0, 4], "rotation": 180, "texture": "#2"}
			}
		},
		{
			"from": [3, 5, 6],
			"to": [13, 11, 12],
			"rotation": {"angle": 0, "axis": "y", "origin": [8, 0, 9]},
			"faces": {
				"north": {"uv": [1.25, 0, 1.5, 1.5], "texture": "#1"},
				"east": {"uv": [0, 0, 1.5, 1.5], "texture": "#1"},
				"south": {"uv": [1.25, 0, 1.5, 1.5], "texture": "#1"},
				"west": {"uv": [0, 0, 1.5, 1.5], "texture": "#1"},
				"up": {"uv": [1.5, 1.5, 1.25, 0], "texture": "#1"},
				"down": {"uv": [1.5, 0, 1.25, 1.5], "texture": "#1"}
			}
		},
		{
			"from": [3, 3, 15.99],
			"to": [13, 13, 17.99],
			"rotation": {"angle": 0, "axis": "y", "origin": [8, 0, 9]},
			"faces": {
				"north": {"uv": [0.5, 6.75, 3, 9.25], "texture": "#1"},
				"east": {"uv": [0, 8.75, 0.5, 11.25], "texture": "#1"},
				"south": {"uv": [0.5, 6.75, 3, 9.25], "texture": "#1"},
				"west": {"uv": [0, 8.75, 0.5, 11.25], "texture": "#1"},
				"up": {"uv": [4.75, 6.75, 2.25, 6.25], "texture": "#1"},
				"down": {"uv": [5, 6.25, 2.5, 6.75], "texture": "#1"}
			}
		},
		{
			"from": [12, 2, 0],
			"to": [14, 4, 18],
			"rotation": {"angle": 0, "axis": "y", "origin": [8, 0, 9]},
			"faces": {
				"north": {"uv": [0, 6.25, 0.5, 6.75], "texture": "#1"},
				"east": {"uv": [0.5, 6.25, 5, 6.75], "texture": "#1"},
				"south": {"uv": [0, 6.25, 0.5, 6.75], "texture": "#1"},
				"west": {"uv": [0.5, 6.25, 5, 6.75], "texture": "#1"},
				"up": {"uv": [0.5, 11.25, 0, 6.75], "texture": "#1"},
				"down": {"uv": [0.5, 6.75, 0, 11.25], "texture": "#1"}
			}
		},
		{
			"from": [2, 2, 0],
			"to": [4, 4, 18],
			"rotation": {"angle": 0, "axis": "y", "origin": [8, 0, 9]},
			"faces": {
				"north": {"uv": [0, 6.25, 0.5, 6.75], "texture": "#1"},
				"east": {"uv": [0.5, 6.25, 5, 6.75], "texture": "#1"},
				"south": {"uv": [0, 6.25, 0.5, 6.75], "texture": "#1"},
				"west": {"uv": [0.5, 6.25, 5, 6.75], "texture": "#1"},
				"up": {"uv": [0.5, 11.25, 0, 6.75], "texture": "#1"},
				"down": {"uv": [0.5, 6.75, 0, 11.25], "texture": "#1"}
			}
		},
		{
			"from": [2, 12, 0],
			"to": [4, 14, 18],
			"rotation": {"angle": 0, "axis": "y", "origin": [8, 0, 9]},
			"faces": {
				"north": {"uv": [0, 6.25, 0.5, 6.75], "texture": "#1"},
				"east": {"uv": [0.5, 6.25, 5, 6.75], "texture": "#1"},
				"south": {"uv": [0, 6.25, 0.5, 6.75], "texture": "#1"},
				"west": {"uv": [0.5, 6.25, 5, 6.75], "texture": "#1"},
				"up": {"uv": [0.5, 11.25, 0, 6.75], "texture": "#1"},
				"down": {"uv": [0.5, 6.75, 0, 11.25], "texture": "#1"}
			}
		},
		{
			"from": [12, 12, 0],
			"to": [14, 14, 18],
			"rotation": {"angle": 0, "axis": "y", "origin": [8, 0, 9]},
			"faces": {
				"north": {"uv": [0, 6.25, 0.5, 6.75], "texture": "#1"},
				"east": {"uv": [0.5, 6.25, 5, 6.75], "texture": "#1"},
				"south": {"uv": [0, 6.25, 0.5, 6.75], "texture": "#1"},
				"west": {"uv": [0.5, 6.25, 5, 6.75], "texture": "#1"},
				"up": {"uv": [0.5, 11.25, 0, 6.75], "texture": "#1"},
				"down": {"uv": [0.5, 6.75, 0, 11.25], "texture": "#1"}
			}
		}
	],
	"display": {
		"thirdperson_righthand": {
			"rotation": [75, 45, 0],
			"translation": [0, 2.5, 0],
			"scale": [0.375, 0.375, 0.375]
		},
		"thirdperson_lefthand": {
			"rotation": [75, 45, 0],
			"translation": [0, 2.5, 0],
			"scale": [0.375, 0.375, 0.375]
		},
		"firstperson_righthand": {
			"rotation": [0, 45, 0],
			"scale": [0.4, 0.4, 0.4]
		},
		"firstperson_lefthand": {
			"rotation": [0, 225, 0],
			"scale": [0.4, 0.4, 0.4]
		},
		"ground": {
			"translation": [0, 3, 0],
			"scale": [0.25, 0.25, 0.25]
		},
		"gui": {
			"rotation": [30, 225, 0],
			"scale": [0.625, 0.625, 0.625]
		},
		"fixed": {
			"scale": [0.5, 0.5, 0.5]
		}
	}
}